Neighborhood,Neighborhood Latitude,Neighborhood Longitude,Venue,Venue Latitude,Venue Longitude,Venue Category
Sunset,49.20910089572929,-123.08896336410984,Panos Greek Taverna,49.2109677,-123.0921432,Restaurant
Sunset,49.20910089572929,-123.08896336410984,Dosa Corner,49.209783511793674,-123.09084510550558,Indian Restaurant
Sunset,49.20910089572929,-123.08896336410984,Breka Bakery & Café,49.22517225662143,-123.09085607056,Bakery
Sunset,49.20910089572929,-123.08896336410984,Badminton Vancouver,49.20493465100246,-123.07949002677496,Gym / Fitness Center
Sunset,49.20910089572929,-123.08896336410984,Dogwood Brewery,49.2099382884179,-123.08158601597852,Brewery
Sunset,49.20910089572929,-123.08896336410984,Cineplex Cinemas Marine Gateway and VIP,49.21008771244199,-123.1164201155948,Movie Theater
Sunset,49.20910089572929,-123.08896336410984,So Hyang Korean Cuisine,49.22701912249385,-123.09084195808964,Korean Restaurant
Sunset,49.20910089572929,-123.08896336410984,TJ's The Kiddies Store,49.2119982680054,-123.10833421114748,Kids Store
Sunset,49.20910089572929,-123.08896336410984,Starbucks,49.21064269857472,-123.10687519709289,Coffee Shop
Sunset,49.20910089572929,-123.08896336410984,Shoom 雅菀食府,49.22486089217804,-123.09094839993831,Cantonese Restaurant
Sunset,49.20910089572929,-123.08896336410984,Sunset Community Centre,49.22276689396704,-123.10135080733122,Event Space
Sunset,49.20910089572929,-123.08896336410984,Starbucks,49.19215232199182,-123.08348041587941,Coffee Shop
Sunset,49.20910089572929,-123.08896336410984,BAKER & TABLE Cafe,49.226323515544,-123.09067785641665,Bakery
Sunset,49.20910089572929,-123.08896336410984,Subway,49.21081825194294,-123.09294029853557,Sandwich Place
Sunset,49.20910089572929,-123.08896336410984,Shoppers Drug Mart,49.22624652936602,-123.08785585874891,Pharmacy
Sunset,49.20910089572929,-123.08896336410984,Winona Park,49.21522541876291,-123.11435533559762,Field
Sunset,49.20910089572929,-123.08896336410984,T&T Supermarket - Marine Gateway,49.209719213494175,-123.11632028560577,Supermarket
Sunset,49.20910089572929,-123.08896336410984,Chicago Subs,49.19180609956089,-123.08401790308099,Sandwich Place
Sunset,49.20910089572929,-123.08896336410984,White Spot Marine Drive,49.21067102976783,-123.08379305664286,Breakfast Spot
Sunset,49.20910089572929,-123.08896336410984,6 Pack Indoor Beach,49.20338969359945,-123.078865982392,Volleyball Court
Sunset,49.20910089572929,-123.08896336410984,Wendy's,49.211922,-123.10614,Fast Food Restaurant
Sunset,49.20910089572929,-123.08896336410984,Subway,49.20902907104286,-123.09946889999739,Sandwich Place
Sunset,49.20910089572929,-123.08896336410984,Original Tandoori Kitchen,49.21913525779554,-123.10209955662927,Restaurant
Sunset,49.20910089572929,-123.08896336410984,Dollar Tree,49.22573054707353,-123.09070973820818,Discount Store
Sunset,49.20910089572929,-123.08896336410984,Subway,49.21832780959815,-123.07746147169095,Sandwich Place
Sunset,49.20910089572929,-123.08896336410984,Pho Hong,49.226925223927765,-123.09060697349184,Vietnamese Restaurant
Sunset,49.20910089572929,-123.08896336410984,Taste Good Wonton Seafood Restaurant,49.21063539465729,-123.09257098570443,Chinese Restaurant
Sunset,49.20910089572929,-123.08896336410984,89 Inn,49.22674153728012,-123.09055997750916,Japanese Restaurant
Sunset,49.20910089572929,-123.08896336410984,Starbucks,49.22520275208977,-123.0906476709055,Coffee Shop
Sunset,49.20910089572929,-123.08896336410984,TD Canada Trust,49.210092,-123.115964,Bank
Mount Pleasant,49.265936207393395,-123.09320121587707,Dude Chilling Park,49.26372990146711,-123.09679627418517,Outdoor Sculpture
Mount Pleasant,49.265936207393395,-123.09320121587707,The Hive,49.26878891004249,-123.09270405041951,Gym
Mount Pleasant,49.265936207393395,-123.09320121587707,BETA5 Chocolates,49.26993698805521,-123.09603650052271,Dessert Shop
Mount Pleasant,49.265936207393395,-123.09320121587707,La petite cuillère,49.263532538170665,-123.09990020957775,Tea Room
Mount Pleasant,49.265936207393395,-123.09320121587707,Sushiyama,49.26289746256272,-123.09716862704346,Sushi Restaurant
Mount Pleasant,49.265936207393395,-123.09320121587707,Open Studios,49.26905691355066,-123.09899385568501,Music Venue
Mount Pleasant,49.265936207393395,-123.09320121587707,Brassneck Brewery,49.26575630058471,-123.10060592190426,Brewery
Mount Pleasant,49.265936207393395,-123.09320121587707,Pulpfiction Books,49.26355342177575,-123.10073379181604,Bookstore
Mount Pleasant,49.265936207393395,-123.09320121587707,Earnest Ice Cream,49.26896525441082,-123.10261255924644,Ice Cream Shop
Mount Pleasant,49.265936207393395,-123.09320121587707,R & B Brewing Co.,49.26732906722253,-123.10339753689526,Brewery
Mount Pleasant,49.265936207393395,-123.09320121587707,Budgie’s Burritos,49.263714300418506,-123.10029249747802,Burrito Place
Mount Pleasant,49.265936207393395,-123.09320121587707,Red Truck Brewery,49.26851495320407,-123.09693939960711,Brewery
Mount Pleasant,49.265936207393395,-123.09320121587707,Elysian Coffee,49.26462056353454,-123.10496259408076,Coffee Shop
Mount Pleasant,49.265936207393395,-123.09320121587707,33 Acres Brewing Company,49.26385708992825,-123.10532987035252,Brewery
Mount Pleasant,49.265936207393395,-123.09320121587707,Long & McQuade Musical Instruments,49.27185818776776,-123.0962830703007,Music Store
Mount Pleasant,49.265936207393395,-123.09320121587707,Nuba Café,49.26813,-123.101671,Middle Eastern Restaurant
Mount Pleasant,49.265936207393395,-123.09320121587707,Cartems Donuterie,49.265564327790955,-123.10068514759391,Donut Shop
Mount Pleasant,49.265936207393395,-123.09320121587707,Congee Noodle House 粥麵館 (Congee Noodle House),49.26302855757928,-123.10210492766456,Chinese Restaurant
Mount Pleasant,49.265936207393395,-123.09320121587707,The Juice Truck,49.266447251463006,-123.10553065168328,Juice Bar
Mount Pleasant,49.265936207393395,-123.09320121587707,49th Parallel & Lucky's Doughnuts,49.259128320447275,-123.1009434023396,Coffee Shop
Mount Pleasant,49.265936207393395,-123.09320121587707,Mercedes-Benz Vancouver,49.27103588259581,-123.0919752103429,Auto Dealership
Mount Pleasant,49.265936207393395,-123.09320121587707,Les Faux Bourgeois,49.257138892345324,-123.08969573629065,French Restaurant
Mount Pleasant,49.265936207393395,-123.09320121587707,Pure Bread,49.26657673253481,-123.10454749124816,Bakery
Mount Pleasant,49.265936207393395,-123.09320121587707,Fable Diner,49.26297765141387,-123.10167247616315,Diner
Mount Pleasant,49.265936207393395,-123.09320121587707,Seaside Seawall,49.272541366825045,-123.10406112544591,Trail
Mount Pleasant,49.265936207393395,-123.09320121587707,Osteria Savio Volpe,49.25740681198991,-123.09097960431157,Italian Restaurant
Mount Pleasant,49.265936207393395,-123.09320121587707,Kafka’s Coffee & Tea,49.262417749406616,-123.10117809870914,Coffee Shop
Mount Pleasant,49.265936207393395,-123.09320121587707,Main Street Brewing Company,49.26465126728451,-123.09932898091687,Brewery
Mount Pleasant,49.265936207393395,-123.09320121587707,Swiss Bakery,49.26830833180045,-123.10170300174185,Bakery
Mount Pleasant,49.265936207393395,-123.09320121587707,Matchstick Coffee Roasters,49.257063615852864,-123.09038967491895,Coffee Shop
Riley Park,49.24185738103497,-123.11592876727764,Queen Elizabeth Park,49.24156455524772,-123.11335520540814,Park
Riley Park,49.24185738103497,-123.11592876727764,Bloedel Floral Conservatory,49.242019035407715,-123.11371430099251,Garden
Riley Park,49.24185738103497,-123.11592876727764,Seasons in the Park,49.242021449294576,-123.11205523481718,Seafood Restaurant
Riley Park,49.24185738103497,-123.11592876727764,Queen Elizabeth Botanical Gardens,49.24208103659882,-123.11357274557943,Garden
Riley Park,49.24185738103497,-123.11592876727764,Hillcrest Aquatic Centre,49.243953013428225,-123.10754747010733,Gym Pool
Riley Park,49.24185738103497,-123.11592876727764,Winter Farmers Market,49.24323286247231,-123.10559867062385,Farmers Market
Riley Park,49.24185738103497,-123.11592876727764,Queen Elizabeth Park Fountains,49.241568778672466,-123.11356131223909,Plaza
Riley Park,49.24185738103497,-123.11592876727764,Scotiabank Field at Nat Bailey Stadium,49.24325354790551,-123.10611963272095,Baseball Stadium
Riley Park,49.24185738103497,-123.11592876727764,BC Liquor Store,49.23475811779682,-123.11663730734448,Liquor Store
Riley Park,49.24185738103497,-123.11592876727764,VanDusen Botanical Garden,49.23932364202315,-123.12893950011956,Garden
Riley Park,49.24185738103497,-123.11592876727764,Hillcrest Community Centre,49.243553456028245,-123.1075219676005,Gym
Riley Park,49.24185738103497,-123.11592876727764,East is East,49.24543051375108,-123.1012730623112,Middle Eastern Restaurant
Riley Park,49.24185738103497,-123.11592876727764,DAVIDsTEA,49.232683123192075,-123.11807422571168,Tea Room
Riley Park,49.24185738103497,-123.11592876727764,Queen Elizabeth Park Offleash Dog Park,49.23828180257422,-123.11076758415781,Dog Run
Riley Park,49.24185738103497,-123.11592876727764,Pho Tan,49.243385593038,-123.10119138519985,Vietnamese Restaurant
Riley Park,49.24185738103497,-123.11592876727764,Meet on Main,49.246747019649376,-123.10109607941816,Vegetarian / Vegan Restaurant
Riley Park,49.24185738103497,-123.11592876727764,Truffles Fine Foods,49.23938326384898,-123.12890646228996,Sandwich Place
Riley Park,49.24185738103497,-123.11592876727764,Sawasdee Thai Restaurant,49.2470720331701,-123.10107997945191,Thai Restaurant
Riley Park,49.24185738103497,-123.11592876727764,The LEGO Store,49.23167317861678,-123.11837035562371,Toy / Game Store
Riley Park,49.24185738103497,-123.11592876727764,Red Cat Records,49.246413231663354,-123.10111481893901,Record Shop
Riley Park,49.24185738103497,-123.11592876727764,Long's Noodle House 小龍記麵家,49.24124364552543,-123.10159115566664,Chinese Restaurant
Riley Park,49.24185738103497,-123.11592876727764,Au Petit Cafe,49.24124699227528,-123.10161359614094,Vietnamese Restaurant
Riley Park,49.24185738103497,-123.11592876727764,The Shameful Tiki Room,49.246137276339006,-123.10113197510445,Tiki Bar
Riley Park,49.24185738103497,-123.11592876727764,The Acorn,49.24944210511789,-123.10110501736179,Vegetarian / Vegan Restaurant
Riley Park,49.24185738103497,-123.11592876727764,Trafiq Café & Bakery,49.247414161200524,-123.10103642680508,Café
Riley Park,49.24185738103497,-123.11592876727764,Nat Bailey Farmers Market,49.24320850733915,-123.1056602924765,Farmers Market
Riley Park,49.24185738103497,-123.11592876727764,Rackets & Runners,49.2511929539897,-123.1273001078185,Sporting Goods Shop
Riley Park,49.24185738103497,-123.11592876727764,Hawker's Delight,49.248382838752946,-123.1012300263627,Malay Restaurant
Riley Park,49.24185738103497,-123.11592876727764,Pho Bon Vietnamese Restaurant,49.24051888021212,-123.10158282467201,Vietnamese Restaurant
Riley Park,49.24185738103497,-123.11592876727764,Lemonade Gluten Free Bakery,49.2551580971158,-123.11527588323533,Bakery
Downtown,49.28160285856479,-123.118182182312,Rosewood Hotel Georgia,49.28342914255638,-123.1189107326352,Hotel
Downtown,49.28160285856479,-123.118182182312,L'Hermitage,49.2801392339119,-123.11748032945334,Hotel
Downtown,49.28160285856479,-123.118182182312,Hawksworth Restaurant,49.28336228267866,-123.11946181255522,Lounge
Downtown,49.28160285856479,-123.118182182312,Gotham Steakhouse & Cocktail Bar,49.28283023000359,-123.11586538996016,Steakhouse
Downtown,49.28160285856479,-123.118182182312,Medina Café,49.28056540642322,-123.11685919761656,Breakfast Spot
Downtown,49.28160285856479,-123.118182182312,Commodore Ballroom,49.28068562197917,-123.12050972144668,Concert Hall
Downtown,49.28160285856479,-123.118182182312,Disney store,49.281689,-123.11985,Toy / Game Store
Downtown,49.28160285856479,-123.118182182312,Orpheum Theatre,49.28010297415788,-123.12018430593969,Concert Hall
Downtown,49.28160285856479,-123.118182182312,Sephora,49.284091751548736,-123.11720430855082,Cosmetics Shop
Downtown,49.28160285856479,-123.118182182312,The Keg Steakhouse + Bar,49.28345170738431,-123.11617432860257,Steakhouse
Downtown,49.28160285856479,-123.118182182312,Vancouver Art Gallery,49.28282718363111,-123.12045708766203,Art Gallery
Downtown,49.28160285856479,-123.118182182312,Abercrombie & Fitch,49.282273835204236,-123.11868545380594,Clothing Store
Downtown,49.28160285856479,-123.118182182312,Wedgewood Hotel,49.28216333727451,-123.12223713622552,Hotel
Downtown,49.28160285856479,-123.118182182312,Victoria's Secret,49.28337166041721,-123.12249106575216,Lingerie Store
Downtown,49.28160285856479,-123.118182182312,DAVIDsTEA,49.28388892763197,-123.11694102024155,Tea Room
Downtown,49.28160285856479,-123.118182182312,Hyatt Regency Vancouver,49.284933576325365,-123.12040717326492,Hotel
Downtown,49.28160285856479,-123.118182182312,Harbour Dance Centre,49.2800743967742,-123.12186000799825,Dance Studio
Downtown,49.28160285856479,-123.118182182312,Mogu: Japanese Street Eats,49.284118445905925,-123.11753137922082,Food Truck
Downtown,49.28160285856479,-123.118182182312,Nespresso Boutique at The Bay,49.28263723763167,-123.11765541662233,Coffee Shop
Downtown,49.28160285856479,-123.118182182312,Queen Elizabeth Theatre,49.280228950296475,-123.11273011968323,Theater
Downtown,49.28160285856479,-123.118182182312,Hubbub Sandwiches,49.282078,-123.12287,Sandwich Place
Downtown,49.28160285856479,-123.118182182312,Japadog,49.280271906961346,-123.11825983307145,Hot Dog Joint
Downtown,49.28160285856479,-123.118182182312,Straight Outta Brooklyn NYC Pizzeria,49.279133,-123.116491,Pizza Place
Downtown,49.28160285856479,-123.118182182312,The Fairmont Hotel Vancouver,49.2839753036525,-123.12059786677693,Hotel
Downtown,49.28160285856479,-123.118182182312,Gallery Café,49.28281582322144,-123.12052730238175,Café
Downtown,49.28160285856479,-123.118182182312,Nero Belgian Waffle Bar,49.278451,-123.122024,Dessert Shop
Downtown,49.28160285856479,-123.118182182312,Jinya Ramen Bar,49.28021988014313,-123.11808021103181,Ramen Restaurant
Downtown,49.28160285856479,-123.118182182312,Pizza Garden,49.28008603070225,-123.12106675552032,Pizza Place
Downtown,49.28160285856479,-123.118182182312,Rocky Mountain Chocolate Factory,49.28362580682297,-123.12330593304087,Dessert Shop
Downtown,49.28160285856479,-123.118182182312,JJ Bean,49.27938179808702,-123.11518086597503,Coffee Shop
Kitsilano,49.27136253494895,-123.15249795624705,Kitsilano Beach,49.27355858778376,-123.15456984360358,Beach
Kitsilano,49.27136253494895,-123.15249795624705,MAK N MING,49.27122992536644,-123.15503230208753,Asian Restaurant
Kitsilano,49.27136253494895,-123.15249795624705,Corduroy,49.27260279381028,-123.14874634859409,Restaurant
Kitsilano,49.27136253494895,-123.15249795624705,YYoga Kitsilano,49.26816762442381,-123.14842381876217,Yoga Studio
Kitsilano,49.27136253494895,-123.15249795624705,The Indian Oven,49.26802127907163,-123.15055297542438,Indian Restaurant
Kitsilano,49.27136253494895,-123.15249795624705,Kitsilano Public Pool,49.27321534899229,-123.15741275274164,Pool
Kitsilano,49.27136253494895,-123.15249795624705,O5 Tea,49.2681473,-123.1554328,Tea Room
Kitsilano,49.27136253494895,-123.15249795624705,Rain or Shine Ice Cream,49.26801810971082,-123.14875379784667,Ice Cream Shop
Kitsilano,49.27136253494895,-123.15249795624705,49th Parallel & Lucky's Doughnuts,49.26803758241085,-123.15487796392169,Coffee Shop
Kitsilano,49.27136253494895,-123.15249795624705,Siegel’s Bagels,49.27271022315303,-123.14729088562164,Bagel Shop
Kitsilano,49.27136253494895,-123.15249795624705,Maenam,49.26803437330562,-123.14879142707053,Thai Restaurant
Kitsilano,49.27136253494895,-123.15249795624705,Rocky Mountain Flatbread Company,49.27068499446599,-123.14736528592574,Pizza Place
Kitsilano,49.27136253494895,-123.15249795624705,AnnaLena,49.270737644978595,-123.14683748431504,Restaurant
Kitsilano,49.27136253494895,-123.15249795624705,Fable,49.267954868505775,-123.14900523592084,Restaurant
Kitsilano,49.27136253494895,-123.15249795624705,Au Comptoir,49.26819489559636,-123.15703952095528,French Restaurant
Kitsilano,49.27136253494895,-123.15249795624705,Burgoo Bistro,49.26821120899837,-123.15680991015216,Mac & Cheese Joint
Kitsilano,49.27136253494895,-123.15249795624705,Raisu,49.2682441750864,-123.15842988493729,Japanese Restaurant
Kitsilano,49.27136253494895,-123.15249795624705,Romer's Burger Bar,49.2681844600887,-123.14729481835786,Burger Joint
Kitsilano,49.27136253494895,-123.15249795624705,Sophie’s Cosmic Cafe,49.26819182861352,-123.15264792448421,American Restaurant
Kitsilano,49.27136253494895,-123.15249795624705,Local Kitsilano,49.27248135691792,-123.15523977514346,Bar
Kitsilano,49.27136253494895,-123.15249795624705,Semperviva Yoga,49.26827774147933,-123.15518288128301,Yoga Studio
Kitsilano,49.27136253494895,-123.15249795624705,Chewies Steam & Oyster Bar Kitsilano,49.27094028140947,-123.15516803070723,Seafood Restaurant
Kitsilano,49.27136253494895,-123.15249795624705,Terra Breads,49.26813882669247,-123.15927461140588,Bakery
Kitsilano,49.27136253494895,-123.15249795624705,Turf,49.26816449504141,-123.15160970602004,Salad Place
Kitsilano,49.27136253494895,-123.15249795624705,Their There,49.26810152788798,-123.15139238862835,Bakery
Kitsilano,49.27136253494895,-123.15249795624705,Nook,49.272247582791714,-123.15516501710475,Italian Restaurant
Kitsilano,49.27136253494895,-123.15249795624705,Pane from Heaven,49.271067308214015,-123.14779773114869,Bakery
Kitsilano,49.27136253494895,-123.15249795624705,Ramen Danbo,49.268046965993484,-123.14640455083301,Noodle House
Kitsilano,49.27136253494895,-123.15249795624705,Les Amis du FROMAGE,49.26976021001451,-123.14436387199152,Cheese Shop
Kitsilano,49.27136253494895,-123.15249795624705,lululemon athletica | SSC,49.27239289238166,-123.14684790955552,Office
Dunbar-Southlands,49.233921393759324,-123.19360757088873,Red Tuna,49.234745797914634,-123.18495243168344,Japanese Restaurant
Dunbar-Southlands,49.233921393759324,-123.19360757088873,Crépe Café,49.234682694583626,-123.18206639507531,Café
Dunbar-Southlands,49.233921393759324,-123.19360757088873,Southlands Heritage Farms,49.225085936789334,-123.17669965417868,Farmers Market
Dunbar-Southlands,49.233921393759324,-123.19360757088873,Butter Baked Goods,49.242209327685536,-123.17038089631828,Bakery
Dunbar-Southlands,49.233921393759324,-123.19360757088873,Shaugnessy Golf & Country Club,49.232664522086345,-123.20911349953067,Golf Course
Dunbar-Southlands,49.233921393759324,-123.19360757088873,Dunbar Theater,49.24561315512162,-123.18542830775695,Indie Movie Theater
Dunbar-Southlands,49.233921393759324,-123.19360757088873,Save-On-Foods,49.235106,-123.18384,Grocery Store
Dunbar-Southlands,49.233921393759324,-123.19360757088873,Blaq Sheep Coffee House And Bistro,49.23550077892422,-123.18532438677896,Coffee Shop
Dunbar-Southlands,49.233921393759324,-123.19360757088873,Handi Cuisine of India,49.24675755239661,-123.18525036850964,Indian Restaurant
Dunbar-Southlands,49.233921393759324,-123.19360757088873,Dunbar Community Centre,49.24354640195617,-123.18562235162956,Gym
Dunbar-Southlands,49.233921393759324,-123.19360757088873,Beauty Boutique by Shoppers Drug Mart,49.24767508000852,-123.18506218224576,Cosmetics Shop
Dunbar-Southlands,49.233921393759324,-123.19360757088873,Balaclava Park,49.24512736409405,-123.17453417277176,Park
Dunbar-Southlands,49.233921393759324,-123.19360757088873,TD Canada Trust,49.2488774,-123.1850313,Bank
Dunbar-Southlands,49.233921393759324,-123.19360757088873,Stong's Market,49.2457976131043,-123.18498586261883,Grocery Store
Dunbar-Southlands,49.233921393759324,-123.19360757088873,Musqueam Golf Course & Learning Academy,49.22492266434273,-123.1923146198869,Golf Course
Dunbar-Southlands,49.233921393759324,-123.19360757088873,Starbucks,49.24652924147928,-123.18528734630672,Coffee Shop
Dunbar-Southlands,49.233921393759324,-123.19360757088873,Subway,49.246301522296704,-123.1850144327346,Sandwich Place
Dunbar-Southlands,49.233921393759324,-123.19360757088873,Dunbar Public House,49.246293911047175,-123.18548583884973,Pub
Dunbar-Southlands,49.233921393759324,-123.19360757088873,Cheshire Cheese Inn,49.245436823336554,-123.18526962240448,Restaurant
Dunbar-Southlands,49.233921393759324,-123.19360757088873,Celtic Treasure Chest,49.23516887976571,-123.1855042628328,Grocery Store
Dunbar-Southlands,49.233921393759324,-123.19360757088873,New District Store,49.23488,-123.18523,Liquor Store
Dunbar-Southlands,49.233921393759324,-123.19360757088873,Sushi Inn,49.24682,-123.185225,Sushi Restaurant
Dunbar-Southlands,49.233921393759324,-123.19360757088873,The Dailey Method Vancouver,49.234779989180936,-123.18422341309454,Gym / Fitness Center
Dunbar-Southlands,49.233921393759324,-123.19360757088873,30 Minute Hit,49.23476772821521,-123.18261928086895,Gym
Dunbar-Southlands,49.233921393759324,-123.19360757088873,Bosley's,49.23487830194734,-123.18237088156542,Pet Store
Dunbar-Southlands,49.233921393759324,-123.19360757088873,Point Grey Golf Club,49.22931300505431,-123.18055629730225,Golf Course
Dunbar-Southlands,49.233921393759324,-123.19360757088873,Mexicali,49.24684564970173,-123.18520267987493,Mexican Restaurant
Dunbar-Southlands,49.233921393759324,-123.19360757088873,KoKoPeLLi Café,49.24541325989329,-123.18527409321337,Café
Dunbar-Southlands,49.233921393759324,-123.19360757088873,Pacific Spirits Cold Beer & Wine,49.24640804372185,-123.18505010856431,Liquor Store
Dunbar-Southlands,49.233921393759324,-123.19360757088873,Great Clips,49.246380872997506,-123.18475931882858,Salon / Barbershop
Kerrisdale,49.21093054285475,-123.1579271952311,Marine Drive Golf Club,49.21722646537047,-123.1595996032915,Golf Course
Kerrisdale,49.21093054285475,-123.1579271952311,McDonald Beach,49.21272234350631,-123.16822126695997,Beach
Kerrisdale,49.21093054285475,-123.1579271952311,Talay Thai Restaurant,49.21081661904489,-123.14056043890145,Thai Restaurant
Kerrisdale,49.21093054285475,-123.1579271952311,Milltown Bar & Grill,49.20237382028244,-123.14433139145913,Restaurant
Kerrisdale,49.21093054285475,-123.1579271952311,Mr. Mustache Bubble Tea,49.212458323503185,-123.14045130574947,Bubble Tea Shop
Kerrisdale,49.21093054285475,-123.1579271952311,Snackshot 糖白府,49.21330240731699,-123.14027389811952,Dessert Shop
Kerrisdale,49.21093054285475,-123.1579271952311,Cafe de l'Orangerie,49.20425832544177,-123.13533178776319,Japanese Restaurant
Kerrisdale,49.21093054285475,-123.1579271952311,Vancouver International Airport (YVR) Runway,49.197528486911736,-123.17371071390816,Airport Service
Kerrisdale,49.21093054285475,-123.1579271952311,Fraser River Park,49.20854883436433,-123.15193270786096,Park
Kerrisdale,49.21093054285475,-123.1579271952311,Red Star Seafood Restaurant 鴻星海鮮酒家,49.210970913976446,-123.14040472485514,Chinese Restaurant
Kerrisdale,49.21093054285475,-123.1579271952311,Lindt Chocolate,49.198138,-123.139141,Chocolate Shop
Kerrisdale,49.21093054285475,-123.1579271952311,Penang Delight Cafe,49.204133016530996,-123.13533482246906,Malay Restaurant
Kerrisdale,49.21093054285475,-123.1579271952311,Ming Tak Hong Kong Style Restaurant,49.21081508063162,-123.14056748744035,Chinese Restaurant
Kerrisdale,49.21093054285475,-123.1579271952311,Gigi Blin,49.208512984741255,-123.13777242379409,Café
Kerrisdale,49.21093054285475,-123.1579271952311,Mirchi Restaurant,49.21360833208571,-123.1402906578003,Indian Restaurant
Kerrisdale,49.21093054285475,-123.1579271952311,Coach,49.19769135676518,-123.1410106327763,Accessories Store
Kerrisdale,49.21093054285475,-123.1579271952311,DAVIDsTEA,49.197902,-123.13914,Tea Room
Kerrisdale,49.21093054285475,-123.1579271952311,Caffè Artigiano Richmond Outlets,49.197761523624,-123.14097008027463,Café
Kerrisdale,49.21093054285475,-123.1579271952311,Polo Ralph Lauren,49.1975656,-123.1414772,Clothing Store
Kerrisdale,49.21093054285475,-123.1579271952311,Safeway Marpole,49.20933802332647,-123.1406524911034,Grocery Store
Kerrisdale,49.21093054285475,-123.1579271952311,Senova,49.219448984186904,-123.14944641038487,Spanish Restaurant
Kerrisdale,49.21093054285475,-123.1579271952311,Tai Tung Chinese Seafood Restaurant,49.21285709373818,-123.1402597133352,Chinese Restaurant
Kerrisdale,49.21093054285475,-123.1579271952311,Save-On-Foods,49.2275605,-123.155753,Grocery Store
Kerrisdale,49.21093054285475,-123.1579271952311,Mccleery Golf Course,49.22082721237919,-123.1687593171101,Golf Course
Kerrisdale,49.21093054285475,-123.1579271952311,Starbucks,49.21316681430093,-123.14023553291283,Coffee Shop
Kerrisdale,49.21093054285475,-123.1579271952311,Gap Factory Outlet,49.19723362804014,-123.14157502988401,Clothing Store
Kerrisdale,49.21093054285475,-123.1579271952311,Wicks Café,49.2034040291729,-123.13465618970868,Café
Kerrisdale,49.21093054285475,-123.1579271952311,YVR Runway 26R Spotting Area,49.20345310422933,-123.13466350994226,Scenic Lookout
Kerrisdale,49.21093054285475,-123.1579271952311,Sushi Wow,49.211651473849884,-123.14048713827447,Sushi Restaurant
Kerrisdale,49.21093054285475,-123.1579271952311,TD Canada Trust,49.212948994648094,-123.14072196537836,Bank
Arbutus-Ridge,49.243636977074345,-123.15379304974992,The Arbutus Club,49.24850716362166,-123.15215193077867,Event Space
Arbutus-Ridge,49.243636977074345,-123.15379304974992,Quilchena Park,49.24519378222783,-123.15121143638962,Park
Arbutus-Ridge,49.243636977074345,-123.15379304974992,Bufala,49.23743420766769,-123.1555764422288,Pizza Place
Arbutus-Ridge,49.243636977074345,-123.15379304974992,Ajisai Sushi Bar,49.23398442419018,-123.15360541803292,Japanese Restaurant
Arbutus-Ridge,49.243636977074345,-123.15379304974992,Nando's Flame-Grilled Chicken,49.2345454527471,-123.15405897707295,Portuguese Restaurant
Arbutus-Ridge,49.243636977074345,-123.15379304974992,Golden Ocean Seafood Restaurant,49.23452983626083,-123.15322564497062,Chinese Restaurant
Arbutus-Ridge,49.243636977074345,-123.15379304974992,Butter Baked Goods,49.242209327685536,-123.17038089631828,Bakery
Arbutus-Ridge,49.243636977074345,-123.15379304974992,Minerva's Pizza & Steakhouse,49.234674420009775,-123.16177360236595,Italian Restaurant
Arbutus-Ridge,49.243636977074345,-123.15379304974992,The Patty Shop,49.250680286551926,-123.16791618888072,Caribbean Restaurant
Arbutus-Ridge,49.243636977074345,-123.15379304974992,White Spot Kerrisdale,49.23763447335214,-123.15546667190972,Breakfast Spot
Arbutus-Ridge,49.243636977074345,-123.15379304974992,Secret Garden Tea Company,49.235969630822524,-123.15563690455153,Tea Room
Arbutus-Ridge,49.243636977074345,-123.15379304974992,Bean Brothers,49.234712530402966,-123.15726034299942,Sandwich Place
Arbutus-Ridge,49.243636977074345,-123.15379304974992,Starbucks,49.23463477196129,-123.16055196146849,Coffee Shop
Arbutus-Ridge,49.243636977074345,-123.15379304974992,London Drugs,49.233692706062456,-123.15434011648246,Pharmacy
Arbutus-Ridge,49.243636977074345,-123.15379304974992,VanDusen Botanical Garden,49.23932364202315,-123.12893950011956,Garden
Arbutus-Ridge,49.243636977074345,-123.15379304974992,Starbucks,49.23475474961044,-123.15766311119556,Coffee Shop
Arbutus-Ridge,49.243636977074345,-123.15379304974992,Starbucks,49.24476762328613,-123.15389126943143,Coffee Shop
Arbutus-Ridge,49.243636977074345,-123.15379304974992,Vancouver Lawn Tennis & Badminton Club,49.257850661681,-123.14192511481122,Tennis Court
Arbutus-Ridge,49.243636977074345,-123.15379304974992,Faubourg Bistro,49.23446892208264,-123.15742165218629,Café
Arbutus-Ridge,49.243636977074345,-123.15379304974992,Sweet Obsession Cakes & Pastries,49.25775614046634,-123.16531351940455,Dessert Shop
Arbutus-Ridge,49.243636977074345,-123.15379304974992,The Maze at Van Dusen Gardens,49.23892040623138,-123.13666560410495,Garden
Arbutus-Ridge,49.243636977074345,-123.15379304974992,Loblaws City Market,49.257493676976054,-123.15329787457767,Grocery Store
Arbutus-Ridge,49.243636977074345,-123.15379304974992,Truffles Fine Foods,49.23938326384898,-123.12890646228996,Sandwich Place
Arbutus-Ridge,49.243636977074345,-123.15379304974992,Pho Tan Vietnamese Beef Noodle Soup & Bubble Tea,49.23455461158346,-123.15441878514892,Vietnamese Restaurant
Arbutus-Ridge,49.243636977074345,-123.15379304974992,La Buca,49.25054949418862,-123.16793319878863,Italian Restaurant
Arbutus-Ridge,49.243636977074345,-123.15379304974992,Baan Wasana Thai Restaurant,49.23468023632378,-123.15670361427976,Thai Restaurant
Arbutus-Ridge,49.243636977074345,-123.15379304974992,Small Victory,49.25832720585841,-123.13871839115846,Bakery
Arbutus-Ridge,49.243636977074345,-123.15379304974992,Dragon Ball Tea House,49.24912633116664,-123.12771828289415,Bubble Tea Shop
Arbutus-Ridge,49.243636977074345,-123.15379304974992,Rocanini,49.23504808378438,-123.15558868158247,Coffee Shop
Arbutus-Ridge,49.243636977074345,-123.15379304974992,BBT Cafe,49.23219344371493,-123.15580109126304,Chinese Restaurant
West Point Grey,49.269337607768364,-123.20924522763204,Locarno Beach,49.275175289615824,-123.20660180263012,Beach
West Point Grey,49.269337607768364,-123.20924522763204,West Point Grey ('Trimble') Park,49.2658310215775,-123.20435908978787,Park
West Point Grey,49.269337607768364,-123.20924522763204,Burgoo Bistro,49.26374216247765,-123.20712760678566,Restaurant
West Point Grey,49.269337607768364,-123.20924522763204,Jericho Beach Park,49.271668855433404,-123.19797992706299,Park
West Point Grey,49.269337607768364,-123.20924522763204,Spanish Banks,49.27704618804818,-123.21901789332543,Beach
West Point Grey,49.269337607768364,-123.20924522763204,Takumi Japanese Restaurant,49.26377049638328,-123.20678411488923,Japanese Restaurant
West Point Grey,49.269337607768364,-123.20924522763204,Jericho Beach,49.271930988934976,-123.19211388941667,Beach
West Point Grey,49.269337607768364,-123.20924522763204,The Galley Patio & Grill,49.275713845714435,-123.20152701193904,Burger Joint
West Point Grey,49.269337607768364,-123.20924522763204,Jericho Arts Centre,49.272464675537144,-123.20291468880504,Performing Arts Venue
West Point Grey,49.269337607768364,-123.20924522763204,University Golf Club,49.2636448,-123.2299583,Golf Course
West Point Grey,49.269337607768364,-123.20924522763204,Starbucks,49.26380910578754,-123.21151575025254,Coffee Shop
West Point Grey,49.269337607768364,-123.20924522763204,Beyond Bread Artisan Bakery,49.268582713443564,-123.18537613530425,Bakery
West Point Grey,49.269337607768364,-123.20924522763204,Spanish Banks East Cafe,49.27633685917451,-123.21504385898206,Fast Food Restaurant
West Point Grey,49.269337607768364,-123.20924522763204,Grounds for Coffee,49.263855920218504,-123.18607322859897,Coffee Shop
West Point Grey,49.269337607768364,-123.20924522763204,Sun Sushi,49.26381012770392,-123.20957687692865,Sushi Restaurant
West Point Grey,49.269337607768364,-123.20924522763204,Bean Around The World,49.26377610210166,-123.20804030661614,Coffee Shop
West Point Grey,49.269337607768364,-123.20924522763204,Baru Latino,49.26399374428973,-123.18581541575031,South American Restaurant
West Point Grey,49.269337607768364,-123.20924522763204,Banyen Books & Sound,49.268529985039116,-123.18377482301028,Bookstore
West Point Grey,49.269337607768364,-123.20924522763204,Moksha Yoga,49.268239185621546,-123.1862419350665,Yoga Studio
West Point Grey,49.269337607768364,-123.20924522763204,Jericho Tennis Club,49.27261124858865,-123.1893828563351,Tennis Court
West Point Grey,49.269337607768364,-123.20924522763204,Rajio Japanese Public House,49.26351643194259,-123.18708632739832,Japanese Restaurant
West Point Grey,49.269337607768364,-123.20924522763204,Breka Bakery & Café,49.268552140664234,-123.1866547258138,Café
West Point Grey,49.269337607768364,-123.20924522763204,True Confections,49.26463587903338,-123.18606780646955,Dessert Shop
West Point Grey,49.269337607768364,-123.20924522763204,Dharma Kitchen,49.26437555712449,-123.18534869817543,Vegetarian / Vegan Restaurant
West Point Grey,49.269337607768364,-123.20924522763204,Aphrodite's Organic Pie Shop,49.268557627222705,-123.18358778116716,Café
West Point Grey,49.269337607768364,-123.20924522763204,Irori Sushi,49.26862173696135,-123.18544090094612,Sushi Restaurant
West Point Grey,49.269337607768364,-123.20924522763204,Hastings Mill Park,49.272828,-123.186511,Park
West Point Grey,49.269337607768364,-123.20924522763204,Mix the Bakery,49.26372775430314,-123.20705464380433,Bakery
West Point Grey,49.269337607768364,-123.20924522763204,La Quercia,49.268658706772314,-123.18542591230988,Italian Restaurant
West Point Grey,49.269337607768364,-123.20924522763204,The Wolf & Hound,49.26440141277463,-123.18428580530602,Pub
Marpole,49.202922290293166,-123.12895679473873,Cafe de l'Orangerie,49.20425832544177,-123.13533178776319,Japanese Restaurant
Marpole,49.202922290293166,-123.12895679473873,Marpole Curling Club,49.206387228849344,-123.12339052767712,Curling Ice
Marpole,49.202922290293166,-123.12895679473873,Milltown Bar & Grill,49.20237382028244,-123.14433139145913,Restaurant
Marpole,49.202922290293166,-123.12895679473873,Costco Food Court,49.19297463379159,-123.12226359160512,Food Court
Marpole,49.202922290293166,-123.12895679473873,Talay Thai Restaurant,49.21081661904489,-123.14056043890145,Thai Restaurant
Marpole,49.202922290293166,-123.12895679473873,Penang Delight Cafe,49.204133016530996,-123.13533482246906,Malay Restaurant
Marpole,49.202922290293166,-123.12895679473873,Cineplex Cinemas Marine Gateway and VIP,49.21008771244199,-123.1164201155948,Movie Theater
Marpole,49.202922290293166,-123.12895679473873,Lindt Chocolate,49.198138,-123.139141,Chocolate Shop
Marpole,49.202922290293166,-123.12895679473873,Mr. Mustache Bubble Tea,49.212458323503185,-123.14045130574947,Bubble Tea Shop
Marpole,49.202922290293166,-123.12895679473873,A&W,49.209364,-123.116783,Fast Food Restaurant
Marpole,49.202922290293166,-123.12895679473873,Cravings Restaurant + Lounge,49.205560455712835,-123.13135770310889,American Restaurant
Marpole,49.202922290293166,-123.12895679473873,Bibo,49.19689992626288,-123.14011002514317,Italian Restaurant
Marpole,49.202922290293166,-123.12895679473873,Deer Garden Signatures 鹿園魚湯米線,49.18738898586771,-123.1316433687388,Chinese Restaurant
Marpole,49.202922290293166,-123.12895679473873,Pacific Gateway Hotel at Vancouver Airport,49.191181722531724,-123.14041985674301,Hotel
Marpole,49.202922290293166,-123.12895679473873,Snackshot 糖白府,49.21330240731699,-123.14027389811952,Dessert Shop
Marpole,49.202922290293166,-123.12895679473873,Cineplex Vip Lounge,49.20921572463203,-123.11667380148712,Lounge
Marpole,49.202922290293166,-123.12895679473873,Captain's Boil,49.187398443548645,-123.13135148395683,Seafood Restaurant
Marpole,49.202922290293166,-123.12895679473873,DAVIDsTEA,49.197902,-123.13914,Tea Room
Marpole,49.202922290293166,-123.12895679473873,T&T Supermarket - Marine Gateway,49.209719213494175,-123.11632028560577,Supermarket
Marpole,49.202922290293166,-123.12895679473873,Coach,49.19769135676518,-123.1410106327763,Accessories Store
Marpole,49.202922290293166,-123.12895679473873,Gigi Blin,49.208512984741255,-123.13777242379409,Café
Marpole,49.202922290293166,-123.12895679473873,Caffè Artigiano Richmond Outlets,49.197761523624,-123.14097008027463,Café
Marpole,49.202922290293166,-123.12895679473873,"The Westin Wall Centre, Vancouver Airport",49.19074236513971,-123.13363909721375,Hotel
Marpole,49.202922290293166,-123.12895679473873,River Rock Casino Resort,49.1964272363407,-123.12741027907661,Casino
Marpole,49.202922290293166,-123.12895679473873,Wicks Café,49.2034040291729,-123.13465618970868,Café
Marpole,49.202922290293166,-123.12895679473873,Polo Ralph Lauren,49.1975656,-123.1414772,Clothing Store
Marpole,49.202922290293166,-123.12895679473873,Red Star Seafood Restaurant 鴻星海鮮酒家,49.210970913976446,-123.14040472485514,Chinese Restaurant
Marpole,49.202922290293166,-123.12895679473873,YVR Runway 26R Spotting Area,49.20345310422933,-123.13466350994226,Scenic Lookout
Marpole,49.202922290293166,-123.12895679473873,LeTea,49.18555671806151,-123.12975417066299,Bubble Tea Shop
Marpole,49.202922290293166,-123.12895679473873,Gyo-O Japanese Restaurant,49.18541372233347,-123.12946826199803,Japanese Restaurant
Oakridge,49.22876548673836,-123.12086613972978,The LEGO Store,49.23167317861678,-123.11837035562371,Toy / Game Store
Oakridge,49.22876548673836,-123.12086613972978,DAVIDsTEA,49.232683123192075,-123.11807422571168,Tea Room
Oakridge,49.22876548673836,-123.12086613972978,BC Liquor Store,49.23475811779682,-123.11663730734448,Liquor Store
Oakridge,49.22876548673836,-123.12086613972978,lululemon athletica,49.2320091,-123.1182701,Sporting Goods Shop
Oakridge,49.22876548673836,-123.12086613972978,Apple Oakridge Centre,49.2320901,-123.1193774,Electronics Store
Oakridge,49.22876548673836,-123.12086613972978,Sushi Mura,49.226806836751095,-123.12873761134858,Sushi Restaurant
Oakridge,49.22876548673836,-123.12086613972978,VanDusen Botanical Garden,49.23932364202315,-123.12893950011956,Garden
Oakridge,49.22876548673836,-123.12086613972978,Purdys Chocolatier,49.23151465811255,-123.11782767824864,Candy Store
Oakridge,49.22876548673836,-123.12086613972978,Queen Elizabeth Park,49.24156455524772,-123.11335520540814,Park
Oakridge,49.22876548673836,-123.12086613972978,Truffles Fine Foods,49.23938326384898,-123.12890646228996,Sandwich Place
Oakridge,49.22876548673836,-123.12086613972978,Bloedel Floral Conservatory,49.242019035407715,-123.11371430099251,Garden
Oakridge,49.22876548673836,-123.12086613972978,Seasons in the Park,49.242021449294576,-123.11205523481718,Seafood Restaurant
Oakridge,49.22876548673836,-123.12086613972978,Langara Golf Course,49.22371200808466,-123.11258878268873,Golf Course
Oakridge,49.22876548673836,-123.12086613972978,Queen Elizabeth Park Offleash Dog Park,49.23828180257422,-123.11076758415781,Dog Run
Oakridge,49.22876548673836,-123.12086613972978,Togo Sushi,49.23298156131314,-123.11770479207854,Sushi Restaurant
Oakridge,49.22876548673836,-123.12086613972978,Queen Elizabeth Botanical Gardens,49.24208103659882,-123.11357274557943,Garden
Oakridge,49.22876548673836,-123.12086613972978,Winter Farmers Market,49.24323286247231,-123.10559867062385,Farmers Market
Oakridge,49.22876548673836,-123.12086613972978,Hillcrest Aquatic Centre,49.243953013428225,-123.10754747010733,Gym Pool
Oakridge,49.22876548673836,-123.12086613972978,Crate&Barrel,49.23236197,-123.11806977,Furniture / Home Store
Oakridge,49.22876548673836,-123.12086613972978,Scotiabank Field at Nat Bailey Stadium,49.24325354790551,-123.10611963272095,Baseball Stadium
Oakridge,49.22876548673836,-123.12086613972978,Roots Cafe,49.225631465069874,-123.10151416656831,Café
Oakridge,49.22876548673836,-123.12086613972978,A&W Canada,49.22675,-123.128831,Fast Food Restaurant
Oakridge,49.22876548673836,-123.12086613972978,Queen Elizabeth Park Fountains,49.241568778672466,-123.11356131223909,Plaza
Oakridge,49.22876548673836,-123.12086613972978,Cyclone Taylor Sports,49.226042409788235,-123.12873849061,Sporting Goods Shop
Oakridge,49.22876548673836,-123.12086613972978,Long's Noodle House 小龍記麵家,49.24124364552543,-123.10159115566664,Chinese Restaurant
Oakridge,49.22876548673836,-123.12086613972978,Oakridge Centre,49.23213777829813,-123.11734327721422,Shopping Mall
Oakridge,49.22876548673836,-123.12086613972978,TD Canada Trust,49.23381521476208,-123.11667680740356,Bank
Oakridge,49.22876548673836,-123.12086613972978,Au Petit Cafe,49.24124699227528,-123.10161359614094,Vietnamese Restaurant
Oakridge,49.22876548673836,-123.12086613972978,The Maze at Van Dusen Gardens,49.23892040623138,-123.13666560410495,Garden
Oakridge,49.22876548673836,-123.12086613972978,Hillcrest Community Centre,49.243553456028245,-123.1075219676005,Gym
Shaughnessy,49.245849344348144,-123.14681191077598,The Arbutus Club,49.24850716362166,-123.15215193077867,Event Space
Shaughnessy,49.245849344348144,-123.14681191077598,Quilchena Park,49.24519378222783,-123.15121143638962,Park
Shaughnessy,49.245849344348144,-123.14681191077598,Bufala,49.23743420766769,-123.1555764422288,Pizza Place
Shaughnessy,49.245849344348144,-123.14681191077598,Ajisai Sushi Bar,49.23398442419018,-123.15360541803292,Japanese Restaurant
Shaughnessy,49.245849344348144,-123.14681191077598,VanDusen Botanical Garden,49.23932364202315,-123.12893950011956,Garden
Shaughnessy,49.245849344348144,-123.14681191077598,Vancouver Lawn Tennis & Badminton Club,49.257850661681,-123.14192511481122,Tennis Court
Shaughnessy,49.245849344348144,-123.14681191077598,Nando's Flame-Grilled Chicken,49.2345454527471,-123.15405897707295,Portuguese Restaurant
Shaughnessy,49.245849344348144,-123.14681191077598,Golden Ocean Seafood Restaurant,49.23452983626083,-123.15322564497062,Chinese Restaurant
Shaughnessy,49.245849344348144,-123.14681191077598,Truffles Fine Foods,49.23938326384898,-123.12890646228996,Sandwich Place
Shaughnessy,49.245849344348144,-123.14681191077598,Rackets & Runners,49.2511929539897,-123.1273001078185,Sporting Goods Shop
Shaughnessy,49.245849344348144,-123.14681191077598,Small Victory,49.25832720585841,-123.13871839115846,Bakery
Shaughnessy,49.245849344348144,-123.14681191077598,The Maze at Van Dusen Gardens,49.23892040623138,-123.13666560410495,Garden
Shaughnessy,49.245849344348144,-123.14681191077598,The Patty Shop,49.250680286551926,-123.16791618888072,Caribbean Restaurant
Shaughnessy,49.245849344348144,-123.14681191077598,Butter Baked Goods,49.242209327685536,-123.17038089631828,Bakery
Shaughnessy,49.245849344348144,-123.14681191077598,Minerva's Pizza & Steakhouse,49.234674420009775,-123.16177360236595,Italian Restaurant
Shaughnessy,49.245849344348144,-123.14681191077598,Dragon Ball Tea House,49.24912633116664,-123.12771828289415,Bubble Tea Shop
Shaughnessy,49.245849344348144,-123.14681191077598,Loblaws City Market,49.257493676976054,-123.15329787457767,Grocery Store
Shaughnessy,49.245849344348144,-123.14681191077598,Stanley Industrial Alliance Stage (Arts Club Theatre Company),49.2613945047059,-123.13844463331534,Theater
Shaughnessy,49.245849344348144,-123.14681191077598,Williams-Sonoma,49.25971045384434,-123.13888069707461,Kitchen Supply Store
Shaughnessy,49.245849344348144,-123.14681191077598,Secret Garden Tea Company,49.235969630822524,-123.15563690455153,Tea Room
Shaughnessy,49.245849344348144,-123.14681191077598,White Spot Kerrisdale,49.23763447335214,-123.15546667190972,Breakfast Spot
Shaughnessy,49.245849344348144,-123.14681191077598,West Restaurant + Bar,49.259985743292134,-123.13891027137741,Molecular Gastronomy Restaurant
Shaughnessy,49.245849344348144,-123.14681191077598,Vij’s Rangoli,49.26166989075475,-123.1382519767383,Indian Restaurant
Shaughnessy,49.245849344348144,-123.14681191077598,London Drugs,49.233692706062456,-123.15434011648246,Pharmacy
Shaughnessy,49.245849344348144,-123.14681191077598,Bean Brothers,49.234712530402966,-123.15726034299942,Sandwich Place
Shaughnessy,49.245849344348144,-123.14681191077598,Goma Sushi,49.25243381619314,-123.12738479979316,Sushi Restaurant
Shaughnessy,49.245849344348144,-123.14681191077598,Sweet Obsession Cakes & Pastries,49.25775614046634,-123.16531351940455,Dessert Shop
Shaughnessy,49.245849344348144,-123.14681191077598,Anthropologie,49.25946706676094,-123.13863434661786,Women's Store
Shaughnessy,49.245849344348144,-123.14681191077598,Connaught Park,49.262167974051614,-123.15616749137108,Park
Shaughnessy,49.245849344348144,-123.14681191077598,Heirloom Vegetarian Restaurant,49.26082782498289,-123.1392124848986,Vegetarian / Vegan Restaurant
Fairview,49.26294306957799,-123.1371965079472,Memphis Blues Barbeque House,49.26373725293593,-123.13754171133041,BBQ Joint
Fairview,49.26294306957799,-123.1371965079472,Stanley Industrial Alliance Stage (Arts Club Theatre Company),49.2613945047059,-123.13844463331534,Theater
Fairview,49.26294306957799,-123.1371965079472,Vij’s Rangoli,49.26166989075475,-123.1382519767383,Indian Restaurant
Fairview,49.26294306957799,-123.1371965079472,Beaucoup Bakery,49.2664033736241,-123.14074768329154,Bakery
Fairview,49.26294306957799,-123.1371965079472,"Cheesecake, Etc.",49.266446012691404,-123.13866696135571,Dessert Shop
Fairview,49.26294306957799,-123.1371965079472,Suika,49.263539747387014,-123.14165149806806,Japanese Restaurant
Fairview,49.26294306957799,-123.1371965079472,Wild Birds Unlimited,49.263439800248655,-123.13382670774912,Pet Store
Fairview,49.26294306957799,-123.1371965079472,Jamjar,49.26167069310433,-123.13823308729981,Lebanese Restaurant
Fairview,49.26294306957799,-123.1371965079472,Lin's Chinese Cuisine and Tea House,49.26377576063986,-123.13969820737837,Chinese Restaurant
Fairview,49.26294306957799,-123.1371965079472,The Farmer’s Apprentice,49.26625367954802,-123.13954061112955,Restaurant
Fairview,49.26294306957799,-123.1371965079472,GoodLife Fitness Vancouver Hemlock Women's Only,49.26480389071379,-123.13617036411095,Gym
Fairview,49.26294306957799,-123.1371965079472,Breakfast Table,49.263755106506146,-123.13780188560484,Breakfast Spot
Fairview,49.26294306957799,-123.1371965079472,Indigo,49.263174171729545,-123.13868144346168,Bookstore
Fairview,49.26294306957799,-123.1371965079472,West Restaurant + Bar,49.259985743292134,-123.13891027137741,Molecular Gastronomy Restaurant
Fairview,49.26294306957799,-123.1371965079472,Heirloom Vegetarian Restaurant,49.26082782498289,-123.1392124848986,Vegetarian / Vegan Restaurant
Fairview,49.26294306957799,-123.1371965079472,Café Salade de Fruits,49.2653751495079,-123.13996762246784,French Restaurant
Fairview,49.26294306957799,-123.1371965079472,Williams-Sonoma,49.25971045384434,-123.13888069707461,Kitchen Supply Store
Fairview,49.26294306957799,-123.1371965079472,Chocolate Arts,49.26876639810405,-123.1416163937538,Chocolate Shop
Fairview,49.26294306957799,-123.1371965079472,Vancouver Lawn Tennis & Badminton Club,49.257850661681,-123.14192511481122,Tennis Court
Fairview,49.26294306957799,-123.1371965079472,Burrard Liquor Store,49.26454439283996,-123.14600109951918,Food & Drink Shop
Fairview,49.26294306957799,-123.1371965079472,Small Victory,49.25832720585841,-123.13871839115846,Bakery
Fairview,49.26294306957799,-123.1371965079472,SushiVan,49.262946438074394,-123.13830614089966,Sushi Restaurant
Fairview,49.26294306957799,-123.1371965079472,Bob Likes Thai Food,49.26376350819186,-123.13934415578844,Thai Restaurant
Fairview,49.26294306957799,-123.1371965079472,Paul's Place Omelettery Restaurant,49.265958398188204,-123.13866555690765,Breakfast Spot
Fairview,49.26294306957799,-123.1371965079472,Brisa Spa,49.267543,-123.135351,Spa
Fairview,49.26294306957799,-123.1371965079472,Gyu-Kaku Japanese BBQ,49.263361993540684,-123.1255335332362,BBQ Joint
Fairview,49.26294306957799,-123.1371965079472,Anthropologie,49.25946706676094,-123.13863434661786,Women's Store
Fairview,49.26294306957799,-123.1371965079472,Masa Japanese Restaurant,49.26342120932526,-123.13653621279559,Japanese Restaurant
Fairview,49.26294306957799,-123.1371965079472,Slickity Jim's Chat & Choux,49.26540180852967,-123.13574999570845,Breakfast Spot
Fairview,49.26294306957799,-123.1371965079472,The Stable House,49.2597465603877,-123.13930056614679,Restaurant
South Cambie,49.2421098293297,-123.11747466540726,Queen Elizabeth Park,49.24156455524772,-123.11335520540814,Park
South Cambie,49.2421098293297,-123.11747466540726,Bloedel Floral Conservatory,49.242019035407715,-123.11371430099251,Garden
South Cambie,49.2421098293297,-123.11747466540726,Seasons in the Park,49.242021449294576,-123.11205523481718,Seafood Restaurant
South Cambie,49.2421098293297,-123.11747466540726,Queen Elizabeth Botanical Gardens,49.24208103659882,-123.11357274557943,Garden
South Cambie,49.2421098293297,-123.11747466540726,Hillcrest Aquatic Centre,49.243953013428225,-123.10754747010733,Gym Pool
South Cambie,49.2421098293297,-123.11747466540726,VanDusen Botanical Garden,49.23932364202315,-123.12893950011956,Garden
South Cambie,49.2421098293297,-123.11747466540726,Queen Elizabeth Park Fountains,49.241568778672466,-123.11356131223909,Plaza
South Cambie,49.2421098293297,-123.11747466540726,Winter Farmers Market,49.24323286247231,-123.10559867062385,Farmers Market
South Cambie,49.2421098293297,-123.11747466540726,BC Liquor Store,49.23475811779682,-123.11663730734448,Liquor Store
South Cambie,49.2421098293297,-123.11747466540726,Scotiabank Field at Nat Bailey Stadium,49.24325354790551,-123.10611963272095,Baseball Stadium
South Cambie,49.2421098293297,-123.11747466540726,Truffles Fine Foods,49.23938326384898,-123.12890646228996,Sandwich Place
South Cambie,49.2421098293297,-123.11747466540726,DAVIDsTEA,49.232683123192075,-123.11807422571168,Tea Room
South Cambie,49.2421098293297,-123.11747466540726,Hillcrest Community Centre,49.243553456028245,-123.1075219676005,Gym
South Cambie,49.2421098293297,-123.11747466540726,East is East,49.24543051375108,-123.1012730623112,Middle Eastern Restaurant
South Cambie,49.2421098293297,-123.11747466540726,Queen Elizabeth Park Offleash Dog Park,49.23828180257422,-123.11076758415781,Dog Run
South Cambie,49.2421098293297,-123.11747466540726,Meet on Main,49.246747019649376,-123.10109607941816,Vegetarian / Vegan Restaurant
South Cambie,49.2421098293297,-123.11747466540726,The LEGO Store,49.23167317861678,-123.11837035562371,Toy / Game Store
South Cambie,49.2421098293297,-123.11747466540726,Pho Tan,49.243385593038,-123.10119138519985,Vietnamese Restaurant
South Cambie,49.2421098293297,-123.11747466540726,Sawasdee Thai Restaurant,49.2470720331701,-123.10107997945191,Thai Restaurant
South Cambie,49.2421098293297,-123.11747466540726,Red Cat Records,49.246413231663354,-123.10111481893901,Record Shop
South Cambie,49.2421098293297,-123.11747466540726,Long's Noodle House 小龍記麵家,49.24124364552543,-123.10159115566664,Chinese Restaurant
South Cambie,49.2421098293297,-123.11747466540726,Rackets & Runners,49.2511929539897,-123.1273001078185,Sporting Goods Shop
South Cambie,49.2421098293297,-123.11747466540726,Au Petit Cafe,49.24124699227528,-123.10161359614094,Vietnamese Restaurant
South Cambie,49.2421098293297,-123.11747466540726,Dragon Ball Tea House,49.24912633116664,-123.12771828289415,Bubble Tea Shop
South Cambie,49.2421098293297,-123.11747466540726,The Acorn,49.24944210511789,-123.10110501736179,Vegetarian / Vegan Restaurant
South Cambie,49.2421098293297,-123.11747466540726,The Shameful Tiki Room,49.246137276339006,-123.10113197510445,Tiki Bar
South Cambie,49.2421098293297,-123.11747466540726,Lemonade Gluten Free Bakery,49.2551580971158,-123.11527588323533,Bakery
South Cambie,49.2421098293297,-123.11747466540726,Trafiq Café & Bakery,49.247414161200524,-123.10103642680508,Café
South Cambie,49.2421098293297,-123.11747466540726,Rain Or Shine,49.25513287020206,-123.11508058282249,Ice Cream Shop
South Cambie,49.2421098293297,-123.11747466540726,Nat Bailey Farmers Market,49.24320850733915,-123.1056602924765,Farmers Market
West End,49.28440443581496,-123.13899040222168,Eye Kandee Lingerie,49.28594735561611,-123.13956141471863,Lingerie Store
West End,49.28440443581496,-123.13899040222168,English Bay Beach,49.28661337371541,-123.14283944417532,Beach
West End,49.28440443581496,-123.13899040222168,The Inukshuk,49.284322410062735,-123.14362551061451,Sculpture Garden
West End,49.28440443581496,-123.13899040222168,Cactus Club Cafe,49.28675474926812,-123.14279589778042,New American Restaurant
West End,49.28440443581496,-123.13899040222168,Cardero Bottega,49.287024,-123.135833,Sandwich Place
West End,49.28440443581496,-123.13899040222168,Banana Leaf On Denman,49.28832521877937,-123.14014584593362,Asian Restaurant
West End,49.28440443581496,-123.13899040222168,Score On Davie,49.282344593296706,-123.1344812658901,Pub
West End,49.28440443581496,-123.13899040222168,Sunset Beach,49.27918658110156,-123.13888549804686,Beach
West End,49.28440443581496,-123.13899040222168,Delany's Coffee House,49.28819507398981,-123.14043333237312,Coffee Shop
West End,49.28440443581496,-123.13899040222168,España Restaurant,49.288019,-123.140467,Spanish Restaurant
West End,49.28440443581496,-123.13899040222168,Little Sister's Bookstore,49.28205896874118,-123.13437333586184,Bookstore
West End,49.28440443581496,-123.13899040222168,La Belle Patate,49.28197746535216,-123.13362284301661,Restaurant
West End,49.28440443581496,-123.13899040222168,Greenhorn Cafe,49.286628,-123.134038,Café
West End,49.28440443581496,-123.13899040222168,A-maze-ing Laughter by Yue Minjun,49.28760167757351,-123.14192788963075,Sculpture Garden
West End,49.28440443581496,-123.13899040222168,Kingyo Izakaya 金魚居酒屋,49.290529206807975,-123.1370237858806,Japanese Restaurant
West End,49.28440443581496,-123.13899040222168,Peaked Pies,49.28961743738601,-123.13829160232608,Comfort Food Restaurant
West End,49.28440443581496,-123.13899040222168,Cobs Bread,49.28137872050481,-123.1326676047977,Bakery
West End,49.28440443581496,-123.13899040222168,Guu with Garlic,49.290328,-123.133886,Japanese Restaurant
West End,49.28440443581496,-123.13899040222168,Ramen Danbo,49.287405513071484,-123.12902819393214,Ramen Restaurant
West End,49.28440443581496,-123.13899040222168,Stanley Park English Bay Seawall,49.290230099593785,-123.14686775207518,Trail
West End,49.28440443581496,-123.13899040222168,Tavola,49.29171563648002,-123.13582849489543,Italian Restaurant
West End,49.28440443581496,-123.13899040222168,Forage,49.287356794873574,-123.12899488649023,Restaurant
West End,49.28440443581496,-123.13899040222168,Hokkaido Ramen Santouka,49.29033695384482,-123.13362288052441,Ramen Restaurant
West End,49.28440443581496,-123.13899040222168,Miko Sushi,49.28740231300849,-123.12905965299217,Sushi Restaurant
West End,49.28440443581496,-123.13899040222168,Nero Belgian Waffle Bar,49.290543220809724,-123.13390456230168,Dessert Shop
West End,49.28440443581496,-123.13899040222168,Konbiniya,49.28650114050235,-123.1275229149609,Convenience Store
West End,49.28440443581496,-123.13899040222168,Joe's Grill,49.28992775672568,-123.13766445515178,Breakfast Spot
West End,49.28440443581496,-123.13899040222168,Breka Bakery & Café,49.28585411445341,-123.12715644115154,Bakery
West End,49.28440443581496,-123.13899040222168,PappaRoti,49.28871601430035,-123.13091598247156,Coffee Shop
West End,49.28440443581496,-123.13899040222168,Marutama Ra-men,49.29065738323105,-123.13355575482609,Ramen Restaurant
Killarney,49.222150599725076,-123.04341798670151,Jambo Grill,49.23482941757399,-123.03716846113564,Indian Restaurant
Killarney,49.222150599725076,-123.04341798670151,Kinemi's Kitchen,49.21494385245612,-123.03044764581463,Pizza Place
Killarney,49.222150599725076,-123.04341798670151,Wang's Shanghai Cuisine,49.23305794170053,-123.03473614190408,Shanghai Restaurant
Killarney,49.222150599725076,-123.04341798670151,Fraserview Golf Course,49.21385471936899,-123.05177003145218,Golf Course
Killarney,49.222150599725076,-123.04341798670151,Sushi Go,49.21954369136304,-123.04099976770806,Sushi Restaurant
Killarney,49.222150599725076,-123.04341798670151,Starbucks,49.22516065981053,-123.05373207351812,Coffee Shop
Killarney,49.222150599725076,-123.04341798670151,Milk & Sugar Café,49.23324901029172,-123.03408617993136,Bubble Tea Shop
Killarney,49.222150599725076,-123.04341798670151,Chili Pepper House,49.236269501899265,-123.04180548473316,Asian Restaurant
Killarney,49.222150599725076,-123.04341798670151,Central Park,49.22757541544695,-123.01769256591797,Park
Killarney,49.222150599725076,-123.04341798670151,SugarLoop Cafe,49.23213,-123.026245,Café
Killarney,49.222150599725076,-123.04341798670151,Magic Stronghold Games,49.232337951660156,-123.0238265991211,Toy / Game Store
Killarney,49.222150599725076,-123.04341798670151,Champlain Square,49.21877353130896,-123.04038966866126,Shopping Mall
Killarney,49.222150599725076,-123.04341798670151,Everett Crowley Park,49.21342955433354,-123.02829934550388,Park
Killarney,49.222150599725076,-123.04341798670151,A&W Canada,49.219269,-123.040876,Fast Food Restaurant
Killarney,49.222150599725076,-123.04341798670151,BC Liquor Store,49.23153454297989,-123.03244482479664,Liquor Store
Killarney,49.222150599725076,-123.04341798670151,Kin's Farm Market,49.219534212339134,-123.04056233952315,Farmers Market
Killarney,49.222150599725076,-123.04341798670151,Romer's Burger Bar,49.205850430030644,-123.04259511101772,Burger Joint
Killarney,49.222150599725076,-123.04341798670151,Riverfront Park,49.205612061625814,-123.0452013015747,Park
Killarney,49.222150599725076,-123.04341798670151,Cho Sun BBQ,49.231896976059915,-123.03039214198127,Korean Restaurant
Killarney,49.222150599725076,-123.04341798670151,Purdys Chocolatier,49.234571600765456,-123.0463053372299,Candy Store
Killarney,49.222150599725076,-123.04341798670151,Mui Garden Restaurant,49.231721498181145,-123.06560377876538,Chinese Restaurant
Killarney,49.222150599725076,-123.04341798670151,Gaston Park,49.23606905148799,-123.03041604660854,Park
Killarney,49.222150599725076,-123.04341798670151,Booster Juice,49.21958675214103,-123.04085378551275,Juice Bar
Killarney,49.222150599725076,-123.04341798670151,Starbucks,49.23238727405455,-123.02386262143807,Coffee Shop
Killarney,49.222150599725076,-123.04341798670151,Subway,49.218942020879794,-123.04038140577227,Sandwich Place
Killarney,49.222150599725076,-123.04341798670151,Tim Hortons,49.232265190821444,-123.0311881005764,Coffee Shop
Killarney,49.222150599725076,-123.04341798670151,Huang's Beef Noodle House,49.22086672216761,-123.06574556831681,Noodle House
Killarney,49.222150599725076,-123.04341798670151,Kokoro Ramen,49.23275593784204,-123.06565251638222,Japanese Restaurant
Killarney,49.222150599725076,-123.04341798670151,Starbucks,49.219592263287446,-123.04109378294042,Coffee Shop
Killarney,49.222150599725076,-123.04341798670151,Starbucks,49.231873,-123.03301,Coffee Shop
Renfrew-Collingwood,49.24542803898168,-123.03734670366558,Ragazzi Pizza,49.250563464257475,-123.04175724948986,Pizza Place
Renfrew-Collingwood,49.24542803898168,-123.03734670366558,Jambo Grill,49.23482941757399,-123.03716846113564,Indian Restaurant
Renfrew-Collingwood,49.24542803898168,-123.03734670366558,Banana Grove Market & Deli,49.25085646774573,-123.04925325694029,Deli / Bodega
Renfrew-Collingwood,49.24542803898168,-123.03734670366558,Chili Pepper House,49.236269501899265,-123.04180548473316,Asian Restaurant
Renfrew-Collingwood,49.24542803898168,-123.03734670366558,Wang's Shanghai Cuisine,49.23305794170053,-123.03473614190408,Shanghai Restaurant
Renfrew-Collingwood,49.24542803898168,-123.03734670366558,Milk & Sugar Café,49.23324901029172,-123.03408617993136,Bubble Tea Shop
Renfrew-Collingwood,49.24542803898168,-123.03734670366558,Panaderia Latina,49.23981109528602,-123.03016983559155,Bakery
Renfrew-Collingwood,49.24542803898168,-123.03734670366558,Sushiholic,49.261995860216125,-123.03332531297768,Sushi Restaurant
Renfrew-Collingwood,49.24542803898168,-123.03734670366558,Charlie's Chocolate Factory,49.25464515031984,-123.02178914112785,Candy Store
Renfrew-Collingwood,49.24542803898168,-123.03734670366558,SugarLoop Cafe,49.23213,-123.026245,Café
Renfrew-Collingwood,49.24542803898168,-123.03734670366558,Church's Chicken,49.24009405964362,-123.0545440782401,Fried Chicken Joint
Renfrew-Collingwood,49.24542803898168,-123.03734670366558,Agra Tandoori Restaurant,49.25442264297103,-123.02053340408905,Indian Restaurant
Renfrew-Collingwood,49.24542803898168,-123.03734670366558,Pho Nhuan,49.257380455928654,-123.03405848174621,Vietnamese Restaurant
Renfrew-Collingwood,49.24542803898168,-123.03734670366558,Magic Stronghold Games,49.232337951660156,-123.0238265991211,Toy / Game Store
Renfrew-Collingwood,49.24542803898168,-123.03734670366558,Gaston Park,49.23606905148799,-123.03041604660854,Park
Renfrew-Collingwood,49.24542803898168,-123.03734670366558,Starbucks,49.254554179977916,-123.02337776083384,Coffee Shop
Renfrew-Collingwood,49.24542803898168,-123.03734670366558,Sushi By Yuji,49.24262202461356,-123.05970512889671,Japanese Restaurant
Renfrew-Collingwood,49.24542803898168,-123.03734670366558,Starbucks,49.258628,-123.030677,Coffee Shop
Renfrew-Collingwood,49.24542803898168,-123.03734670366558,Burnaby Palace Restaurant,49.256248,-123.023506,Chinese Restaurant
Renfrew-Collingwood,49.24542803898168,-123.03734670366558,Tim Hortons,49.23877058644872,-123.03168967366219,Coffee Shop
Renfrew-Collingwood,49.24542803898168,-123.03734670366558,Starbucks,49.25973252274268,-123.0438628009294,Coffee Shop
Renfrew-Collingwood,49.24542803898168,-123.03734670366558,Slocan Park,49.24382789793214,-123.04807662963867,Park
Renfrew-Collingwood,49.24542803898168,-123.03734670366558,Tisol Pet Supply,49.258728492509825,-123.04045194334681,Pet Store
Renfrew-Collingwood,49.24542803898168,-123.03734670366558,Purdys Chocolatier,49.234571600765456,-123.0463053372299,Candy Store
Renfrew-Collingwood,49.24542803898168,-123.03734670366558,Andamiro Korean Bistro,49.239327111998,-123.05271666003316,Asian Restaurant
Renfrew-Collingwood,49.24542803898168,-123.03734670366558,Shoppers Drug Mart,49.241275662829665,-123.05730707234227,Pharmacy
Renfrew-Collingwood,49.24542803898168,-123.03734670366558,Sushi Taku,49.239855,-123.030175,Sushi Restaurant
Renfrew-Collingwood,49.24542803898168,-123.03734670366558,7-Eleven,49.25101196202624,-123.03420156240463,Convenience Store
Renfrew-Collingwood,49.24542803898168,-123.03734670366558,Penang Delight Cafe,49.249876930404895,-123.03391504643974,Malay Restaurant
Renfrew-Collingwood,49.24542803898168,-123.03734670366558,Subway,49.254586062076974,-123.02131647501507,Sandwich Place
Hastings-Sunrise,49.26876026782027,-123.03382151835672,Sushiholic,49.261995860216125,-123.03332531297768,Sushi Restaurant
Hastings-Sunrise,49.26876026782027,-123.03382151835672,Trev Deeley Motorcycles,49.26793243730481,-123.02487959355933,Motorcycle Shop
Hastings-Sunrise,49.26876026782027,-123.03382151835672,BOSA Foods,49.27158194264215,-123.0277553753354,Grocery Store
Hastings-Sunrise,49.26876026782027,-123.03382151835672,Steamworks Brewery,49.27395853614683,-123.01963654188593,Brewery
Hastings-Sunrise,49.26876026782027,-123.03382151835672,Wooden Roller Coaster,49.281743917117005,-123.03512832025775,Theme Park Ride / Attraction
Hastings-Sunrise,49.26876026782027,-123.03382151835672,Starbucks,49.258628,-123.030677,Coffee Shop
Hastings-Sunrise,49.26876026782027,-123.03382151835672,Starbucks,49.25973252274268,-123.0438628009294,Coffee Shop
Hastings-Sunrise,49.26876026782027,-123.03382151835672,Pho Nhuan,49.257380455928654,-123.03405848174621,Vietnamese Restaurant
Hastings-Sunrise,49.26876026782027,-123.03382151835672,Glenburn Soda Fountain & Confectionery,49.281014547856465,-123.01461135607553,Dessert Shop
Hastings-Sunrise,49.26876026782027,-123.03382151835672,The Fair at the PNE,49.28297109526185,-123.04210889782496,Fair
Hastings-Sunrise,49.26876026782027,-123.03382151835672,Broadway Tech Centre,49.26042268387529,-123.04299981358625,Office
Hastings-Sunrise,49.26876026782027,-123.03382151835672,Starbucks,49.264275,-123.013768,Coffee Shop
Hastings-Sunrise,49.26876026782027,-123.03382151835672,BC Liquor Store,49.261671787823964,-123.03724137445049,Liquor Store
Hastings-Sunrise,49.26876026782027,-123.03382151835672,Chez Mémé Baguette Bistro,49.28099638945201,-123.01569989647379,French Restaurant
Hastings-Sunrise,49.26876026782027,-123.03382151835672,Tamam Fine Palestinian Cuisine,49.281070177811365,-123.05143787191706,Middle Eastern Restaurant
Hastings-Sunrise,49.26876026782027,-123.03382151835672,Tisol Pet Supply,49.258728492509825,-123.04045194334681,Pet Store
Hastings-Sunrise,49.26876026782027,-123.03382151835672,Le Petit Saigon,49.28118064648434,-123.04730908611226,Vietnamese Restaurant
Hastings-Sunrise,49.26876026782027,-123.03382151835672,Charlie's Chocolate Factory,49.25464515031984,-123.02178914112785,Candy Store
Hastings-Sunrise,49.26876026782027,-123.03382151835672,The Valley Bakery,49.28101740869699,-123.01498936441568,Bakery
Hastings-Sunrise,49.26876026782027,-123.03382151835672,Agra Tandoori Restaurant,49.25442264297103,-123.02053340408905,Indian Restaurant
Hastings-Sunrise,49.26876026782027,-123.03382151835672,Burnaby Palace Restaurant,49.256248,-123.023506,Chinese Restaurant
Hastings-Sunrise,49.26876026782027,-123.03382151835672,Starbucks,49.254554179977916,-123.02337776083384,Coffee Shop
Hastings-Sunrise,49.26876026782027,-123.03382151835672,Bao Chau,49.281231525576516,-123.04897125831269,Vietnamese Restaurant
Hastings-Sunrise,49.26876026782027,-123.03382151835672,Playland,49.28192405847808,-123.03625770710875,Theme Park
Hastings-Sunrise,49.26876026782027,-123.03382151835672,Livestock Barns,49.2840365696587,-123.03927841558797,Farm
Hastings-Sunrise,49.26876026782027,-123.03382151835672,Saigon Bistro,49.28109080947182,-123.01588767682391,Vietnamese Restaurant
Hastings-Sunrise,49.26876026782027,-123.03382151835672,Sfinaki Greek Taverna,49.28108857332401,-123.01491309789319,Greek Restaurant
Hastings-Sunrise,49.26876026782027,-123.03382151835672,La Fontana Caffe,49.28117019308009,-123.02344672829759,Café
Hastings-Sunrise,49.26876026782027,-123.03382151835672,Ethical Bean Coffee,49.27277850637503,-123.02800686177636,Coffee Shop
Hastings-Sunrise,49.26876026782027,-123.03382151835672,Curry Zone,49.28123747726763,-123.05016935156273,Indian Restaurant
Victoria-Fraserview,49.211715370335504,-123.0607689993722,Fraserview Golf Course,49.21385471936899,-123.05177003145218,Golf Course
Victoria-Fraserview,49.211715370335504,-123.0607689993722,Riverfront Park,49.205612061625814,-123.0452013015747,Park
Victoria-Fraserview,49.211715370335504,-123.0607689993722,Romer's Burger Bar,49.205850430030644,-123.04259511101772,Burger Joint
Victoria-Fraserview,49.211715370335504,-123.0607689993722,Huang's Beef Noodle House,49.22086672216761,-123.06574556831681,Noodle House
Victoria-Fraserview,49.211715370335504,-123.0607689993722,Starbucks,49.22516065981053,-123.05373207351812,Coffee Shop
Victoria-Fraserview,49.211715370335504,-123.0607689993722,Badminton Vancouver,49.20493465100246,-123.07949002677496,Gym / Fitness Center
Victoria-Fraserview,49.211715370335504,-123.0607689993722,Sushi Go,49.21954369136304,-123.04099976770806,Sushi Restaurant
Victoria-Fraserview,49.211715370335504,-123.0607689993722,Gordon Park,49.22232761847823,-123.0694921703986,Park
Victoria-Fraserview,49.211715370335504,-123.0607689993722,Dogwood Brewery,49.2099382884179,-123.08158601597852,Brewery
Victoria-Fraserview,49.211715370335504,-123.0607689993722,Champlain Square,49.21877353130896,-123.04038966866126,Shopping Mall
Victoria-Fraserview,49.211715370335504,-123.0607689993722,A&W Canada,49.219269,-123.040876,Fast Food Restaurant
Victoria-Fraserview,49.211715370335504,-123.0607689993722,Kin's Farm Market,49.219534212339134,-123.04056233952315,Farmers Market
Victoria-Fraserview,49.211715370335504,-123.0607689993722,Bubble Waffle Cafe,49.225463442830986,-123.05352836781236,Asian Restaurant
Victoria-Fraserview,49.211715370335504,-123.0607689993722,Booster Juice,49.21958675214103,-123.04085378551275,Juice Bar
Victoria-Fraserview,49.211715370335504,-123.0607689993722,Subway,49.218942020879794,-123.04038140577227,Sandwich Place
Victoria-Fraserview,49.211715370335504,-123.0607689993722,6 Pack Indoor Beach,49.20338969359945,-123.078865982392,Volleyball Court
Victoria-Fraserview,49.211715370335504,-123.0607689993722,TBC Indoor Racing,49.197907326947046,-123.05911898217096,Racetrack
Victoria-Fraserview,49.211715370335504,-123.0607689993722,Neighbour's Restaurant & Pizza House,49.2253032,-123.0657698,Pizza Place
Victoria-Fraserview,49.211715370335504,-123.0607689993722,Subway,49.21832780959815,-123.07746147169095,Sandwich Place
Victoria-Fraserview,49.211715370335504,-123.0607689993722,Shoppers Drug Mart,49.2191228,-123.0402123,Pharmacy
Victoria-Fraserview,49.211715370335504,-123.0607689993722,Starbucks,49.219592263287446,-123.04109378294042,Coffee Shop
Victoria-Fraserview,49.211715370335504,-123.0607689993722,Tibisti Foods & Grill,49.220397188372196,-123.06582127873163,Middle Eastern Restaurant
Victoria-Fraserview,49.211715370335504,-123.0607689993722,White Spot Marine Drive,49.21067102976783,-123.08379305664286,Breakfast Spot
Victoria-Fraserview,49.211715370335504,-123.0607689993722,7-Eleven,49.221114969780864,-123.06535005569458,Convenience Store
Victoria-Fraserview,49.211715370335504,-123.0607689993722,54th Ave Restaurant,49.21934283752314,-123.04109422540664,Chinese Restaurant
Victoria-Fraserview,49.211715370335504,-123.0607689993722,The Golf Institute at Fraserview,49.21370414279402,-123.05186111080603,Golf Course
Victoria-Fraserview,49.211715370335504,-123.0607689993722,Fraserview Clubhouse,49.21370304660576,-123.05181715019573,Café
Victoria-Fraserview,49.211715370335504,-123.0607689993722,Bus Stop 52141 (100),49.210957614096046,-123.07190042908539,Bus Stop
Victoria-Fraserview,49.211715370335504,-123.0607689993722,Visions Electronics - Bell Authorized Dealer,49.2104554904645,-123.07237207889557,Electronics Store
Victoria-Fraserview,49.211715370335504,-123.0607689993722,Wally's Burgers,49.22532053754264,-123.05355496499374,Burger Joint
Kensington-Cedar Cottage,49.24512241411564,-123.06461390742548,Famous Foods,49.24835555505501,-123.07147057968633,Grocery Store
Kensington-Cedar Cottage,49.24512241411564,-123.06461390742548,Pho Thai Hang,49.24533547804845,-123.06559732618828,Vietnamese Restaurant
Kensington-Cedar Cottage,49.24512241411564,-123.06461390742548,The Tipper,49.244545547056724,-123.064390786726,American Restaurant
Kensington-Cedar Cottage,49.24512241411564,-123.06461390742548,Chau Veggie Express,49.23860672906042,-123.06532915466313,Vegetarian / Vegan Restaurant
Kensington-Cedar Cottage,49.24512241411564,-123.06461390742548,Amay’s House,49.23832528436126,-123.0652363387058,Asian Restaurant
Kensington-Cedar Cottage,49.24512241411564,-123.06461390742548,Sushi By Yuji,49.24262202461356,-123.05970512889671,Japanese Restaurant
Kensington-Cedar Cottage,49.24512241411564,-123.06461390742548,Green Lettuce Restaurant,49.2456483210015,-123.06586667300154,Chinese Restaurant
Kensington-Cedar Cottage,49.24512241411564,-123.06461390742548,Commercial Street Cafe,49.25253867342018,-123.06817821809433,Café
Kensington-Cedar Cottage,49.24512241411564,-123.06461390742548,Anytime Fitness,49.24964,-123.07545,Gym / Fitness Center
Kensington-Cedar Cottage,49.24512241411564,-123.06461390742548,My Chau,49.247153088916335,-123.06942339124046,Vietnamese Restaurant
Kensington-Cedar Cottage,49.24512241411564,-123.06461390742548,Hoang Yen,49.23856685791449,-123.065474144294,Vietnamese Restaurant
Kensington-Cedar Cottage,49.24512241411564,-123.06461390742548,Banh Mi Saigon,49.23536520688645,-123.0655968134206,Vietnamese Restaurant
Kensington-Cedar Cottage,49.24512241411564,-123.06461390742548,House of Dosas,49.25039302686497,-123.07634582073676,Indian Restaurant
Kensington-Cedar Cottage,49.24512241411564,-123.06461390742548,Kings Cafe,49.243036,-123.060469,Café
Kensington-Cedar Cottage,49.24512241411564,-123.06461390742548,Hoi An,49.238918193665896,-123.0652246473742,Vietnamese Restaurant
Kensington-Cedar Cottage,49.24512241411564,-123.06461390742548,Trout Lake Community Centre,49.255402734851366,-123.06504825730254,Gym
Kensington-Cedar Cottage,49.24512241411564,-123.06461390742548,Trout Lake Farmers Market,49.258055032942025,-123.06170913037404,Farmers Market
Kensington-Cedar Cottage,49.24512241411564,-123.06461390742548,Church's Chicken,49.24009405964362,-123.0545440782401,Fried Chicken Joint
Kensington-Cedar Cottage,49.24512241411564,-123.06461390742548,Big Feet,49.24029100641717,-123.06495506030592,Massage Studio
Kensington-Cedar Cottage,49.24512241411564,-123.06461390742548,Adelitas Mexican Food,49.23763540315037,-123.06530463933176,Mexican Restaurant
Kensington-Cedar Cottage,49.24512241411564,-123.06461390742548,Banana Grove Market & Deli,49.25085646774573,-123.04925325694029,Deli / Bodega
Kensington-Cedar Cottage,49.24512241411564,-123.06461390742548,Hai Phong,49.25124302922991,-123.0789607420614,Vietnamese Restaurant
Kensington-Cedar Cottage,49.24512241411564,-123.06461390742548,Pallet Coffee Roasters,49.25003614149222,-123.07626152016613,Café
Kensington-Cedar Cottage,49.24512241411564,-123.06461390742548,Shoppers Drug Mart,49.241275662829665,-123.05730707234227,Pharmacy
Kensington-Cedar Cottage,49.24512241411564,-123.06461390742548,Tung Hing Bakery,49.252157841634116,-123.08023745009504,Vietnamese Restaurant
Kensington-Cedar Cottage,49.24512241411564,-123.06461390742548,El Caracol Mexican Cafe,49.237431930098666,-123.06534550608941,Mexican Restaurant
Kensington-Cedar Cottage,49.24512241411564,-123.06461390742548,Kensington Park,49.23886865558419,-123.07541370391846,Park
Kensington-Cedar Cottage,49.24512241411564,-123.06461390742548,Western Lake Chinese Restaurant,49.239376686977614,-123.06545983918619,Chinese Restaurant
Kensington-Cedar Cottage,49.24512241411564,-123.06461390742548,Sun Bo Kong,49.25069813748091,-123.07704565306321,Vegetarian / Vegan Restaurant
Kensington-Cedar Cottage,49.24512241411564,-123.06461390742548,Bandidas Taqueria,49.259696354838375,-123.06989567657384,Vegetarian / Vegan Restaurant
Strathcona,49.269825443144676,-123.09210713704424,The Hive,49.26878891004249,-123.09270405041951,Gym
Strathcona,49.269825443144676,-123.09210713704424,BETA5 Chocolates,49.26993698805521,-123.09603650052271,Dessert Shop
Strathcona,49.269825443144676,-123.09210713704424,Long & McQuade Musical Instruments,49.27185818776776,-123.0962830703007,Music Store
Strathcona,49.269825443144676,-123.09210713704424,Mercedes-Benz Vancouver,49.27103588259581,-123.0919752103429,Auto Dealership
Strathcona,49.269825443144676,-123.09210713704424,Open Studios,49.26905691355066,-123.09899385568501,Music Venue
Strathcona,49.269825443144676,-123.09210713704424,Earnest Ice Cream,49.26896525441082,-123.10261255924644,Ice Cream Shop
Strathcona,49.269825443144676,-123.09210713704424,Dude Chilling Park,49.26372990146711,-123.09679627418517,Outdoor Sculpture
Strathcona,49.269825443144676,-123.09210713704424,Red Truck Brewery,49.26851495320407,-123.09693939960711,Brewery
Strathcona,49.269825443144676,-123.09210713704424,Seaside Seawall,49.272541366825045,-123.10406112544591,Trail
Strathcona,49.269825443144676,-123.09210713704424,Brassneck Brewery,49.26575630058471,-123.10060592190426,Brewery
Strathcona,49.269825443144676,-123.09210713704424,Nuba Café,49.26813,-123.101671,Middle Eastern Restaurant
Strathcona,49.269825443144676,-123.09210713704424,R & B Brewing Co.,49.26732906722253,-123.10339753689526,Brewery
Strathcona,49.269825443144676,-123.09210713704424,Creekside Park,49.27464089217221,-123.10270119038174,Park
Strathcona,49.269825443144676,-123.09210713704424,Boxcar,49.276612892136015,-123.10007556961325,Bar
Strathcona,49.269825443144676,-123.09210713704424,Pizzeria Farina,49.27663591048199,-123.09996736185782,Pizza Place
Strathcona,49.269825443144676,-123.09210713704424,La petite cuillère,49.263532538170665,-123.09990020957775,Tea Room
Strathcona,49.269825443144676,-123.09210713704424,Union Market,49.27737091116881,-123.0869886479093,Deli / Bodega
Strathcona,49.269825443144676,-123.09210713704424,Pulpfiction Books,49.26355342177575,-123.10073379181604,Bookstore
Strathcona,49.269825443144676,-123.09210713704424,Science World at TELUS World of Science,49.27331030834735,-123.10350107032336,Science Museum
Strathcona,49.269825443144676,-123.09210713704424,Strathcona Park,49.27518286982346,-123.08491945266724,Park
Strathcona,49.269825443144676,-123.09210713704424,The Juice Truck,49.266447251463006,-123.10553065168328,Juice Bar
Strathcona,49.269825443144676,-123.09210713704424,Sushiyama,49.26289746256272,-123.09716862704346,Sushi Restaurant
Strathcona,49.269825443144676,-123.09210713704424,Legacy Liquor Store,49.27112056281918,-123.10671477295766,Liquor Store
Strathcona,49.269825443144676,-123.09210713704424,Phnom Penh,49.278517207129376,-123.09821389576176,Asian Restaurant
Strathcona,49.269825443144676,-123.09210713704424,Moe's Home Collection,49.269279716075054,-123.08114729177349,Furniture / Home Store
Strathcona,49.269825443144676,-123.09210713704424,Elysian Coffee,49.26462056353454,-123.10496259408076,Coffee Shop
Strathcona,49.269825443144676,-123.09210713704424,Narrow Lounge,49.268402932011625,-123.10058499701648,Speakeasy
Strathcona,49.269825443144676,-123.09210713704424,Swiss Bakery,49.26830833180045,-123.10170300174185,Bakery
Strathcona,49.269825443144676,-123.09210713704424,Terra Breads,49.27152494393447,-123.10667446314498,Bakery
Strathcona,49.269825443144676,-123.09210713704424,33 Acres Brewing Company,49.26385708992825,-123.10532987035252,Brewery
Grandview-Woodland,49.2815725529143,-123.06831359863277,Storm Brewing,49.28199405704968,-123.07012123833019,Brewery
Grandview-Woodland,49.2815725529143,-123.06831359863277,Pallet Coffee Roasters,49.281489,-123.063803,Coffee Shop
Grandview-Woodland,49.2815725529143,-123.06831359863277,Parallel 49 Brewing Co.,49.283921871802804,-123.06436362199459,Brewery
Grandview-Woodland,49.2815725529143,-123.06831359863277,Bistro Wagon Rouge,49.28478949666371,-123.0662663284596,French Restaurant
Grandview-Woodland,49.2815725529143,-123.06831359863277,A. Bosa And Company Ltd. Import Euro,49.27934351874284,-123.06552670702415,Deli / Bodega
Grandview-Woodland,49.2815725529143,-123.06831359863277,Scandilicious Commissary,49.28438109369819,-123.06570770417557,Bakery
Grandview-Woodland,49.2815725529143,-123.06831359863277,The Downlow Chicken Shack,49.276319472211284,-123.06965126630708,Fried Chicken Joint
Grandview-Woodland,49.2815725529143,-123.06831359863277,Callister Brewing Co.,49.28215064414274,-123.07621454147863,Brewery
Grandview-Woodland,49.2815725529143,-123.06831359863277,The Gourmet Warehouse,49.281267912679944,-123.07629259548635,Gourmet Shop
Grandview-Woodland,49.2815725529143,-123.06831359863277,Mr. Red Cafe,49.281203908864605,-123.05905330186376,Vietnamese Restaurant
Grandview-Woodland,49.2815725529143,-123.06831359863277,Pepino’s,49.279134,-123.070567,Italian Restaurant
Grandview-Woodland,49.2815725529143,-123.06831359863277,The Cultch,49.27670995261058,-123.06592209711177,Theater
Grandview-Woodland,49.2815725529143,-123.06831359863277,East Vancouver Brewing Co.,49.27686237480922,-123.07111207238309,Brewery
Grandview-Woodland,49.2815725529143,-123.06831359863277,Yolks,49.28111356339767,-123.07277320937798,Breakfast Spot
Grandview-Woodland,49.2815725529143,-123.06831359863277,Powell Brewery,49.28326970111428,-123.0757655438563,Brewery
Grandview-Woodland,49.2815725529143,-123.06831359863277,Andina Brewing Company,49.28335545818251,-123.07362474923153,Brewery
Grandview-Woodland,49.2815725529143,-123.06831359863277,Biercraft Tap And Tapas,49.273928020601524,-123.06969766764506,Tapas Restaurant
Grandview-Woodland,49.2815725529143,-123.06831359863277,The Red Wagon,49.28115504641519,-123.05799741496016,Breakfast Spot
Grandview-Woodland,49.2815725529143,-123.06831359863277,Kin Kao,49.2764021105725,-123.0696330026042,Thai Restaurant
Grandview-Woodland,49.2815725529143,-123.06831359863277,Fujiya,49.27662291053619,-123.07716424684004,Sushi Restaurant
Grandview-Woodland,49.2815725529143,-123.06831359863277,Via Tevere,49.2738535806043,-123.0656016660482,Pizza Place
Grandview-Woodland,49.2815725529143,-123.06831359863277,Tacofino Commissary,49.28128122661404,-123.05750923942144,Mexican Restaurant
Grandview-Woodland,49.2815725529143,-123.06831359863277,Donald’s Market,49.28109112198938,-123.05722459869595,Grocery Store
Grandview-Woodland,49.2815725529143,-123.06831359863277,Platform 7 Coffee,49.28126916605341,-123.05744490308733,Coffee Shop
Grandview-Woodland,49.2815725529143,-123.06831359863277,At The Waldorf,49.28142025462826,-123.07467567106401,Nightclub
Grandview-Woodland,49.2815725529143,-123.06831359863277,Bomber Brewing,49.27759234233072,-123.07465468201404,Brewery
Grandview-Woodland,49.2815725529143,-123.06831359863277,Grandview Park,49.27348782226023,-123.07022797161501,Park
Grandview-Woodland,49.2815725529143,-123.06831359863277,Earnest Ice Cream,49.27954592442943,-123.07475720454029,Ice Cream Shop
Grandview-Woodland,49.2815725529143,-123.06831359863277,Off The Rail Brewing Co,49.27769024236,-123.07610228883304,Brewery
Grandview-Woodland,49.2815725529143,-123.06831359863277,JJ Bean,49.28476626215115,-123.06550867814255,Coffee Shop
