id,lat,lon
79755,49.2361558,-123.1857471
77502,49.2686379,-123.0813802
78119,49.279142,-123.1008333
80377,49.2612004,-123.0685703
85334,49.2333011,-123.1285796
81455,49.279142,-123.1008333
86429,49.2811305,-123.1305282
87988,49.2853329,-123.1232054
88442,49.2814534,-123.0906768
88512,49.2635737,-123.1476402
95444,49.2649114,-123.1144662
89053,49.2636463,-123.1549145
89495,49.2565945,-123.1146655
89527,49.2336262,-123.1285507
96657,49.2839875,-123.1124277
92803,49.2285508,-123.1561339
92804,49.2285508,-123.1561339
92807,49.2285508,-123.1561339
185451,49.2100169,-123.1156733
185452,49.2100169,-123.1156733
185453,49.2100169,-123.1156733
185105,49.2820959,-123.0709845
183476,49.28613,-123.11973
186337,49.2809965,-123.0525489
186679,49.2818504,-123.0829595
186680,49.2636864,-123.1278199
186694,49.2837745,-123.1146751
174205,49.233671,-123.0353251
175110,49.2838254,-123.1196888
175119,49.2838254,-123.1196888
175122,49.2838254,-123.1196888
175228,49.284198,-123.107836
175537,49.2874847,-123.1190548
175539,49.2874847,-123.1190548
177409,49.2875812,-123.1171222
177413,49.2875812,-123.1171222
177430,49.2834125,-123.1175609
177519,49.28325,-123.12142
177520,49.28325,-123.12142
177521,49.28325,-123.12142
177524,49.28325,-123.12142
177547,49.2824304,-123.1088793
177548,49.2824304,-123.1088793
177550,49.2824304,-123.1088793
177552,49.2824304,-123.1088793
177615,49.28507,-123.11936
177616,49.28507,-123.11936
177617,49.28507,-123.11936
177618,49.28507,-123.11936
177619,49.28507,-123.11936
177620,49.28507,-123.11936
177638,49.28994,-123.13035
177639,49.28994,-123.13035
177641,49.28994,-123.13035
177642,49.28994,-123.13035
177657,49.2888248,-123.1111209
177660,49.2888248,-123.1111209
177661,49.2888248,-123.1111209
177662,49.2888248,-123.1111209
177663,49.2888248,-123.1111209
177664,49.276281,-123.1211414
177667,49.276281,-123.1211414
177669,49.276281,-123.1211414
177857,49.2860393,-123.1189042
177859,49.2860393,-123.1189042
177862,49.2855092,-123.1129175
177866,49.2670053,-123.1012375
178107,49.2816966,-123.1044042
188257,49.2612004,-123.0685703
188345,49.2631633,-123.1318441
188346,49.2631633,-123.1318441
188498,49.2813149,-123.0637533
188505,49.28463,-123.11343
188511,49.28271,-123.1124
188545,49.2673941,-123.0822919
188756,49.2819552262396,-123.108493169312
191945,49.2602245,-123.0696421
194659,49.2801579,-123.1095691
194714,49.2636214,-123.1120487
194846,49.2809995,-123.0474442
194850,49.2581262,-123.1840631
194851,49.2581262,-123.1840631
194852,49.2581262,-123.1840631
197441,49.2845952,-123.1142845
197502,49.2839875,-123.1124277
197503,49.2839875,-123.1124277
197509,49.2784777,-123.0986435
198125,49.2691028,-123.1440718
198180,49.2411947,-123.0561168
195464,49.2638294,-123.1222828
195978,49.2842166,-123.0999722
192999,49.2046436,-123.0364542
197106,49.280296,-123.0990874
197207,49.2816404,-123.1048056
197262,49.2638294,-123.1222828
193476,49.2806307,-123.0981964
193477,49.2806307,-123.0981964
193716,49.2773222721889,-123.126127276721
198300,49.2844905,-123.1173474
198302,49.2040516,-123.1330719
198663,49.2832507,-123.1100457
198805,49.2849807,-123.1225996
198956,49.2886276,-123.1212339
199120,49.28555,-123.11489
200298,49.2348948,-123.1601387
200342,49.2684691205057,-123.172525633072
200691,49.28373,-123.11003
200692,49.28373,-123.11003
200825,49.2636319,-123.2112358
201036,49.2482796,-123.1008959
199348,49.2636576,-123.1250875
199488,49.28271,-123.1124
199881,49.2831195,-123.1071274
201398,49.2814256,-123.1080307
201688,49.28141,-123.05018
201709,49.2630651,-123.11408
202124,49.2735,-123.0819493
202156,49.2725991,-123.135594
202160,49.26931,-123.13353
202255,49.28373,-123.11003
202414,49.2812047,-123.1046522
202472,49.2873258,-123.1414628
202487,49.28586,-123.12219
202854,49.2828274,-123.1124925
203134,49.2040516,-123.1330719
203136,49.2040516,-123.1330719
203295,49.2663627,-123.1044343
203594,49.26387,-123.1261
80137,49.2846431,-123.0945571
80441,49.2046436,-123.0364542
78215,49.2846431,-123.0945571
78217,49.2846431,-123.0945571
86769,49.279142,-123.1008333
83374,49.2638294,-123.1222828
88762,49.2509877,-123.0685006
89496,49.2685006,-123.1674004
94171,49.2814994,-123.0907168
90363,49.264087,-123.1500423
96164,49.2845878,-123.0979174
96658,49.2839875,-123.1124277
194440,49.2108201,-123.112786
194788,49.2812047,-123.1046522
194848,49.2581262,-123.1840631
194849,49.2581262,-123.1840631
190342,49.2818415,-123.0629758
190438,49.2427836,-123.1017638
190881,49.2686379,-123.0813802
193478,49.2806307,-123.0981964
193823,49.2627254,-123.0900091
187363,49.2812197,-123.0853925
187531,49.2812047,-123.1046522
178604,49.2609866,-123.1013096
192378,49.2850523,-123.1147406
192825,49.233671,-123.0353251
193210,49.28271,-123.1124
188336,49.2631633,-123.1318441
188410,49.2633266,-123.1317187
188913,49.2686379,-123.0813802
189120,49.2814105,-123.0302762
189189,49.2795715,-123.1152874
191426,49.2807745,-123.0857721
190210,49.2631633,-123.1318441
190211,49.2631633,-123.1318441
183707,49.2837745,-123.1146751
183833,49.2805354,-123.0968874
184691,49.2673941,-123.0822919
184962,49.2637896,-123.1123401
186543,49.2807745,-123.0857721
186544,49.2807745,-123.0857721
186749,49.2673941,-123.0822919
186429,49.2793011,-123.1020937
186430,49.2556914,-123.0901439
202134,49.2636451,-123.1108151
202158,49.27006,-123.13427
202168,49.26931,-123.13353
202171,49.2697202,-123.1325868
202351,49.2875782,-123.1190492
202421,49.2837745,-123.1146751
202423,49.2839875,-123.1124277
202868,49.2803589,-123.1227818
202926,49.2803589,-123.1227818
203133,49.2803589,-123.1227818
203335,49.2751066,-123.1220961
203546,49.2812667,-123.125454
203564,49.2818785,-123.1185663
175107,49.2838254,-123.1196888
175112,49.2838254,-123.1196888
175116,49.2838254,-123.1196888
175538,49.2874847,-123.1190548
175540,49.2874847,-123.1190548
175541,49.2874847,-123.1190548
175542,49.2874847,-123.1190548
175543,49.2874847,-123.1190548
175103,49.2838254,-123.1196888
177410,49.2875812,-123.1171222
177411,49.2875812,-123.1171222
177412,49.2875812,-123.1171222
177414,49.2875812,-123.1171222
177415,49.2875812,-123.1171222
177429,49.2834125,-123.1175609
177431,49.2834125,-123.1175609
177432,49.2834125,-123.1175609
177433,49.2834125,-123.1175609
177434,49.2834125,-123.1175609
177435,49.2834125,-123.1175609
177518,49.28325,-123.12142
177522,49.28325,-123.12142
177523,49.28325,-123.12142
177546,49.2824304,-123.1088793
177549,49.2824304,-123.1088793
177551,49.2824304,-123.1088793
177621,49.28507,-123.11936
177636,49.28994,-123.13035
177637,49.28994,-123.13035
177640,49.28994,-123.13035
177658,49.2888248,-123.1111209
177659,49.2888248,-123.1111209
177665,49.276281,-123.1211414
177666,49.276281,-123.1211414
177668,49.276281,-123.1211414
177670,49.276281,-123.1211414
177781,49.2784139,-123.0985424
177840,49.28613,-123.11973
177841,49.28613,-123.11973
177858,49.2860393,-123.1189042
177860,49.2855092,-123.1129175
177861,49.2855092,-123.1129175
177867,49.2670053,-123.1012375
177868,49.2670053,-123.1012375
177993,49.2562795,-123.1146621
178100,49.2816966,-123.1044042
178103,49.2816966,-123.1044042
178106,49.2816966,-123.1044042
178111,49.2816966,-123.1044042
196095,49.2639942,-123.1227356
196217,49.278823,-123.0993212
200660,49.26438,-123.10368
200686,49.28366,-123.06488
201020,49.284601,-123.098136
201044,49.2858517,-123.1399284
201064,49.2818504,-123.0829595
201112,49.28518,-123.11515
199052,49.2823789,-123.1110496
199059,49.28463,-123.11343
197499,49.2847573,-123.1153839
197500,49.2871122,-123.1214656
197501,49.2871122,-123.1214656
198272,49.2812047,-123.1046522
199494,49.276281,-123.1211414
199509,49.2862922,-123.140635
199613,49.2633251,-123.1317973
199669,49.283148250335,-123.106430728833
199697,49.2845818,-123.0971571
199701,49.2845818,-123.0971571
199893,49.2841066,-123.1060402
200067,49.2820071,-123.1115146
200093,49.26438,-123.10368
200107,49.27757,-123.11344
200173,49.2629691,-123.1096602
200203,49.2849807,-123.1225996
196772,49.2830418,-123.1063902
196775,49.279142,-123.1008333
197208,49.2816404,-123.1048056
201425,49.2810151,-123.0896499
201621,49.28287,-123.10394
201671,49.2684633,-123.1658951
196400,49.2579325,-123.0459998
196444,49.279142,-123.1008333
200284,49.2806802542559,-123.10363469444
79215,49.2572381,-123.1392594
77837,49.2875812,-123.1171222
87819,49.2799024,-123.129868
94209,49.2631262,-123.116649
96163,49.2858265,-123.1141039
90205,49.276028,-123.0617772
108581,49.2668173,-123.0242955
185218,49.2631262,-123.116649
185254,49.263009,-123.121186
185519,49.257946,-123.0703603
185520,49.269,-123.16865
186118,49.2835008,-123.1059771
184574,49.265928,-123.1098318
184808,49.2326508,-123.1159751
176504,49.2343428,-123.1615709
176798,49.2694905,-123.1410133
176809,49.2848948,-123.1105267
176875,49.2663627,-123.1044343
183202,49.2871145,-123.1178602
183316,49.2858265,-123.1141039
183432,49.2638534,-123.1399648
183433,49.2638534,-123.1399648
183435,49.2638534,-123.1399648
183614,49.2858265,-123.1141039
183762,49.2807,-123.0999824
178422,49.268407,-123.164742
178600,49.26907,-123.1050338
178884,49.28422,-123.09745
178934,49.2244651,-123.1014623
179032,49.2322917,-123.0267926
179046,49.2322932,-123.0267711
179082,49.2322924,-123.0267819
179094,49.2322909,-123.0268034
179125,49.2244651,-123.1014623
179139,49.23248,-123.02658
189346,49.282148,-123.1164217
189572,49.2633372,-123.1460396
189608,49.28732,-123.12109
189682,49.2348849,-123.0252516
189713,49.2348849,-123.0252516
189777,49.2325267,-123.0769251
189779,49.23244,-123.0766
189780,49.2324617,-123.0769251
189782,49.2325751,-123.076815
190122,49.285302,-123.114247
190174,49.28207,-123.10264
190219,49.2632024,-123.1217428
190223,49.2594351,-123.0699071
187341,49.2130177,-123.1400089
187343,49.2129022,-123.1400916
187481,49.276805,-123.072992
187483,49.28823,-123.12634
187524,49.2718531,-123.1606728
187606,49.28823,-123.12634
187608,49.28732,-123.12109
186287,49.265835,-123.1041229
186312,49.2856688,-123.1258779
186364,49.21101,-123.10621
186423,49.2672683,-123.1032835
186778,49.2644622,-123.1806727
182829,49.2793171,-123.128326
182885,49.2657695,-123.1096372
183019,49.28655,-123.12092
183123,49.2572381,-123.1392594
181524,49.28183,-123.1179
181525,49.28183,-123.1179
179466,49.28303,-123.11482
179527,49.2809851,-123.0294301
179585,49.28004,-123.12491
179885,49.2662764,-123.1069024
179899,49.27614,-123.07956
180033,49.27614,-123.07956
175992,49.285302,-123.114247
180264,49.2805,-123.05688
180709,49.2326508,-123.1159751
180714,49.2326508,-123.1159751
180839,49.26308,-123.12614
180853,49.28994,-123.13035
177184,49.2636073,-123.2078446
188269,49.27034,-123.14137
188562,49.2874624,-123.1170457
188757,49.2635845,-123.1245317
188768,49.2636046,-123.1492094
188939,49.26508,-123.13654
189010,49.28722,-123.11606
189103,49.2192804,-123.0410042
191257,49.2625405,-123.0910468
191259,49.2623112,-123.088951
191747,49.2623365,-123.0878531
191775,49.28655,-123.12092
191778,49.28655,-123.12092
191779,49.28655,-123.12092
192077,49.27918,-123.09802
192084,49.2674611,-123.1017797
192086,49.2674611,-123.1017797
192087,49.2674611,-123.1017797
192139,49.2684566,-123.1035053
192213,49.2326508,-123.1159751
192214,49.2326508,-123.1159751
192215,49.2326508,-123.1159751
192216,49.2326508,-123.1159751
194273,49.277189,-123.1159847
194305,49.28507,-123.11936
194517,49.2639406,-123.1387049
194518,49.2319922,-123.0274957
194554,49.2849766,-123.1130191
194571,49.2083905,-123.1065934
194649,49.208874,-123.085505
194671,49.2793171,-123.128326
194877,49.28267,-123.08579
194915,49.2662863,-123.1056439
195056,49.2572381,-123.1392594
195122,49.2862262,-123.1186237
195138,49.2797158,-123.0987906
197419,49.2793258,-123.1175191
197421,49.2424991,-123.0603474
197740,49.2856688,-123.1258779
197849,49.2054152,-123.1260984
197957,49.2789453,-123.1219901
198207,49.2644412,-123.1011723
198220,49.2570434,-123.0924837
198233,49.2648194,-123.1128042
198260,49.2644788,-123.1058086
195403,49.2839592,-123.1054599
195465,49.2186416,-123.0911494
195549,49.28873,-123.12966
195643,49.2578849,-123.1651475
196032,49.2627983,-123.0906871
196053,49.2682041,-123.1072262
196090,49.2803589,-123.1227818
196109,49.28025,-123.11434
196112,49.28025,-123.11434
196116,49.28025,-123.11434
196118,49.28025,-123.11434
196120,49.28025,-123.11434
196187,49.2788056,-123.1250222
192237,49.2326508,-123.1159751
192477,49.2425562,-123.1011961
192792,49.2637105,-123.111768
192793,49.2637105,-123.111768
192821,49.2704812,-123.1472846
193085,49.2827592,-123.0892336
193184,49.2106088280486,-123.130707148428
196297,49.263009,-123.121186
196299,49.263009,-123.121186
196341,49.2882809,-123.1199612
196427,49.2651622,-123.1427914
196464,49.285302,-123.114247
196513,49.2532673,-123.1007883
196557,49.2642374,-123.1376494
196767,49.2810674,-123.1103941
196794,49.2758343,-123.1248671
196951,49.2798,-123.08239
197080,49.2805614,-123.077358
197098,49.2830828,-123.0863571
197102,49.2847251,-123.0967432
197110,49.2871122,-123.1214656
197125,49.2862262,-123.1186237
197278,49.2075358,-123.1092314
190349,49.2663395,-123.1040584
190386,49.2835443,-123.111777
190888,49.2814284,-123.023953
190889,49.2814284,-123.023953
190957,49.2640185,-123.1557477
191025,49.2812667,-123.125454
191101,49.281117,-123.1009491
191102,49.2788122,-123.1195993
193357,49.2650709,-123.0783756
193428,49.2853078,-123.1215908
193444,49.2645073,-123.1805054
193473,49.2810312,-123.1105109
193484,49.28732,-123.12109
193522,49.2813518,-123.0488639
193538,49.2693496,-123.0955331
193745,49.2811182,-123.1022784
193829,49.28662,-123.11708
193932,49.2631262,-123.116649
193966,49.2829351,-123.0638243
194062,49.2874624,-123.1170457
194090,49.2618836,-123.1390021
194159,49.2561382,-123.1205767
198318,49.2812002,-123.1148434
198468,49.2837232,-123.1126845
198472,49.2752671,-123.1184308
198499,49.28964,-123.12876
198500,49.28964,-123.12876
198501,49.28964,-123.12876
198506,49.28964,-123.12876
198532,49.2657447,-123.1083416
198600,49.2799618,-123.1237587
198650,49.2386031,-123.0655846
198736,49.281237,-123.0854352
198745,49.2776801,-123.1309595
198778,49.2760659,-123.1218178
198813,49.285302,-123.114247
198870,49.2838254,-123.1196888
198887,49.2756796,-123.1188569
199005,49.2871122,-123.1214656
199029,49.2805625,-123.1012527
199035,49.265835,-123.1041229
199054,49.2901797,-123.1281146
199190,49.2861721,-123.1169025
199196,49.2750867,-123.1336587
199198,49.2750867,-123.1336587
199250,49.2527902,-123.0676912
199260,49.275774,-123.1200581
199261,49.2809584,-123.1189331
199284,49.2634733,-123.1404688
199286,49.2825613,-123.0655074
200299,49.2697371,-123.0443449
200346,49.2813518,-123.0488639
200363,49.28722,-123.12048
200366,49.28722,-123.12048
200368,49.28722,-123.12048
200370,49.28722,-123.12048
200371,49.28722,-123.12048
200373,49.28722,-123.12048
200377,49.28722,-123.12048
200452,49.2617651,-123.0398602
200466,49.2049417,-123.1281868
200473,49.2861136,-123.1256284
200480,49.2844874,-123.1218908
200485,49.2786949,-123.1291525
200489,49.2786949,-123.1291525
200529,49.23342,-123.12761
200535,49.27938,-123.08029
200575,49.2874847,-123.1190548
200577,49.2875812,-123.1171222
200627,49.2573846,-123.0903424
200655,49.26537,-123.1077
200688,49.27741,-123.11672
200689,49.27741,-123.11672
200690,49.27741,-123.11672
200743,49.28045,-123.11804
200771,49.28454,-123.06507
200782,49.2246,-123.11402
200850,49.28507,-123.11936
200908,49.28863,-123.1305701
200920,49.2885948,-123.1305465
200924,49.2644788,-123.1058086
200970,49.26357,-123.10706
200995,49.2861136,-123.1256284
201008,49.2683103,-123.1110305
201016,49.2685365,-123.0979116
201063,49.26537,-123.1077
201074,49.26906,-123.14005
201102,49.2045432,-123.1317456
201119,49.28507,-123.11936
201175,49.2836809,-123.1128499
201198,49.2657583,-123.1070228
201212,49.2765852,-123.1229043
201234,49.2617651,-123.0398602
201263,49.2807,-123.0999824
201266,49.2807,-123.0999824
201278,49.2651622,-123.1427914
201281,49.2651622,-123.1427914
199340,49.281237,-123.0854352
199341,49.281237,-123.0854352
199346,49.2682195,-123.1516214
199410,49.2858265,-123.1141039
199420,49.28722,-123.11606
199502,49.2814137,-123.096949
199557,49.26413,-123.15422
199562,49.26413,-123.15422
199567,49.2343781,-123.161083
199660,49.2628328,-123.0964098
199688,49.2095375,-123.0751564
199821,49.2697149,-123.0445499
199925,49.2810006,-123.0240529
199926,49.2810006,-123.0240529
200099,49.2857076,-123.1271919
200157,49.2761497,-123.1194042
200189,49.2871122,-123.1214656
200208,49.2463786,-123.1016065
200209,49.2566102,-123.1849951
200240,49.28873,-123.12966
200244,49.28823,-123.12634
201295,49.2831693,-123.1125349
201298,49.2638155,-123.1389714
201299,49.2628536,-123.1384023
201339,49.2679715,-123.1522352
201384,49.26596,-123.14197
201470,49.2902324,-123.1337885
201500,49.2635554,-123.1460615
201537,49.2806043,-123.0789227
201609,49.2860393,-123.1189042
201681,49.2585504,-123.1009494
201693,49.26888,-123.10167
201718,49.26573,-123.13086
201722,49.28994,-123.13035
202147,49.268286,-123.1705808
202155,49.2631262,-123.116649
202159,49.2631262,-123.116649
202234,49.2862262,-123.1186237
202236,49.24969,-123.10062
202237,49.28615,-123.11569
202248,49.28615,-123.11569
202259,49.2636864,-123.1278199
202261,49.2840526,-123.1067873
202299,49.2632118,-123.1223531
202308,49.28761,-123.11972
202409,49.272233,-123.0238349
202523,49.2877332,-123.1182842
202525,49.2874624,-123.1170457
202526,49.2874624,-123.1170457
202528,49.2874624,-123.1170457
202530,49.2874624,-123.1170457
202707,49.28655,-123.12092
202710,49.2644251,-123.1424683
202766,49.28866,-123.12331
202793,49.2550873,-123.115345
202799,49.28732,-123.12109
202852,49.26534,-123.1063
202864,49.2660579,-123.2461524
202870,49.2809698,-123.0487365
202871,49.2761497,-123.1194042
202875,49.26534,-123.1063
202882,49.28039,-123.11068
202967,49.28325,-123.12142
203028,49.2647809,-123.1364035
203038,49.2681862,-123.148206
203124,49.28096,-123.10846
203190,49.285302,-123.114247
203363,49.2829942,-123.1105293
203592,49.28615,-123.11569
204031,49.2477089,-123.0899527
189762,49.2765175,-123.1255726
195606,49.2767799,-123.1262818
76732,49.2887693,-123.1216984
79068,49.2649131,-123.104186
72280,49.28655,-123.12092
84370,49.2649131,-123.104186
84671,49.2623167,-123.0970645
85630,49.2403815,-123.076747
86892,49.263009,-123.121186
87979,49.2572381,-123.1392594
88351,49.2568049,-123.1001406
88952,49.2543853,-123.2355826
95875,49.2713136,-123.1008816
93053,49.2813518,-123.0488639
96126,49.2858265,-123.1141039
96161,49.2858265,-123.1141039
96662,49.207436,-123.0941763
103592,49.2862262,-123.1186237
194314,49.2634447,-123.1454275
194730,49.271035,-123.0692425
194872,49.2661974311696,-123.084123833066
194897,49.2703211,-123.0828563
194913,49.2662038,-123.1054174
195134,49.2654949,-123.1058676
195184,49.2718947,-123.0691815
190322,49.2808538,-123.0728288
190525,49.2865929,-123.1163088
190781,49.28507,-123.11936
190886,49.271035,-123.0692425
190887,49.2814284,-123.023953
190891,49.2770069,-123.128656
190908,49.2636494,-123.134374
190993,49.2637825,-123.1495264
191028,49.2812667,-123.125454
191132,49.2803589,-123.1227818
191133,49.2813375,-123.1254744
193413,49.2739625,-123.1166505
193419,49.2853229,-123.1133966
193426,49.2719346,-123.0902588
193492,49.2786736,-123.0977219
193496,49.28823,-123.12634
193947,49.2641325,-123.1279851
194015,49.2848031,-123.0938428
194032,49.2788056,-123.1250222
194088,49.2639244,-123.1692518
194157,49.2561382,-123.1205767
194158,49.2561382,-123.1205767
187610,49.28183,-123.11663
187742,49.2641356732603,-123.104665873016
188000,49.23524,-123.03527
178493,49.2634536,-123.1032024
178702,49.2784458,-123.124519
178765,49.26857,-123.14188
178946,49.22543,-123.06599
179066,49.232294,-123.0267604
179076,49.2681249,-123.1431732
192459,49.2071541,-123.1198162
192461,49.2814012,-123.0965703
192481,49.2654623,-123.1091508
192556,49.2761497,-123.1194042
192798,49.282284,-123.1189721
192923,49.28823,-123.12634
193080,49.263009,-123.121186
193084,49.2823341,-123.0638307
193101,49.2809951,-123.0298666
193174,49.269633,-123.1440633
188267,49.263009,-123.121186
188340,49.29015,-123.13161
188563,49.2874624,-123.1170457
188617,49.26323,-123.1527918
188624,49.2699931,-123.10361
188809,49.2863302,-123.1157137
188857,49.2623157,-123.1389554
191258,49.2622529,-123.0903322
191265,49.2874624,-123.1170457
191353,49.2631262,-123.116649
191746,49.2184456,-123.0773388
191773,49.28655,-123.12092
191777,49.28655,-123.12092
192085,49.2674611,-123.1017797
192088,49.2674611,-123.1017797
192089,49.2674611,-123.1017797
192202,49.28994,-123.13035
192217,49.2326508,-123.1159751
192218,49.2326508,-123.1159751
189498,49.2874847,-123.1190548
189694,49.21761,-123.0914
189778,49.2325751,-123.076676
190220,49.2594351,-123.0699071
189231,49.2635975,-123.1213494
189316,49.2836809,-123.1128499
189336,49.2634536,-123.1032024
189349,49.28246,-123.11565
189364,49.2522639,-123.0795368
189401,49.26943,-123.13925
183369,49.26537,-123.1077
183434,49.2638534,-123.1399648
183438,49.23248,-123.02658
185206,49.2720639,-123.1627879
185484,49.28507,-123.11936
186044,49.26947,-123.14198
184809,49.2326508,-123.1159751
184878,49.28507,-123.11936
184903,49.2601288590297,-123.115328826849
182211,49.28325,-123.12142
181694,49.2820291,-123.1176941
186651,49.2653571,-123.1059083
186779,49.2644622,-123.1806727
186835,49.2813375,-123.1254744
186836,49.2755314,-123.1201865
180244,49.27706,-123.07972
180287,49.27684,-123.1273
180702,49.2326508,-123.1159751
180703,49.2326508,-123.1159751
180708,49.2326508,-123.1159751
180713,49.2326508,-123.1159751
180715,49.2326508,-123.1159751
180824,49.26308,-123.12614
180852,49.29001,-123.13189
181042,49.2862262,-123.1186237
202007,49.28045,-123.11804
202092,49.2803589,-123.1227818
202130,49.26082,-123.03457
202145,49.29052,-123.13006
202146,49.2649038,-123.1078622
202233,49.28655,-123.12092
202246,49.28615,-123.11569
202372,49.2850381,-123.0955047
202377,49.286331,-123.1157402
202406,49.2192191,-123.1189456
202408,49.2899642,-123.1282606
202419,49.2832425,-123.1134586
202462,49.2636323,-123.0247305
202480,49.28313,-123.107
202494,49.28664,-123.12526
202531,49.28031,-123.12284
202629,49.240044,-123.0537825
202659,49.2597118,-123.1388449
202660,49.25435,-123.11476
202684,49.2056551,-123.1401584
202764,49.2631262,-123.116649
202791,49.2547635,-123.2352759
202872,49.2687441,-123.1847964
202874,49.26534,-123.1063
202919,49.2840526,-123.1067873
202964,49.283003,-123.1217259
203018,49.2847214,-123.0970037
203035,49.2647809,-123.1364035
203189,49.285302,-123.114247
203213,49.2766628,-123.1209816
203283,49.286283,-123.1180291
203288,49.2803997,-123.1095472
203351,49.2626049,-123.0920287
203590,49.28615,-123.11569
203977,49.2626506,-123.1854546
203983,49.28586,-123.12219
179186,49.28348,-123.06598
179373,49.26947,-123.14198
179448,49.2784458,-123.124519
179453,49.2681249,-123.1431732
179548,49.2784458,-123.124519
179836,49.2662764,-123.1069024
179879,49.28823,-123.12634
179987,49.24062,-123.10104
180128,49.2662764,-123.1069024
180129,49.2662764,-123.1069024
195447,49.2329776,-123.0651084
195483,49.28274,-123.13326
195547,49.28873,-123.12966
195548,49.28873,-123.12966
195612,49.2900346,-123.1380795
195812,49.28664,-123.12526
195881,49.2848948,-123.1105267
195993,49.28116,-123.12157
196016,49.2876627,-123.1151995
196039,49.28555,-123.11489
196089,49.2793171,-123.128326
196093,49.28628,-123.11599
196107,49.28025,-123.11434
196108,49.28025,-123.11434
196110,49.28025,-123.11434
196113,49.28025,-123.11434
196114,49.28025,-123.11434
196115,49.28025,-123.11434
196117,49.28025,-123.11434
196119,49.28025,-123.11434
196121,49.28025,-123.11434
196122,49.28025,-123.11434
196123,49.28025,-123.11434
196124,49.28025,-123.11434
200344,49.2799024,-123.129868
200364,49.28722,-123.12048
200365,49.28722,-123.12048
200367,49.28722,-123.12048
200369,49.28722,-123.12048
200372,49.28722,-123.12048
200374,49.28722,-123.12048
200375,49.28722,-123.12048
200376,49.28722,-123.12048
200378,49.28722,-123.12048
200477,49.2844874,-123.1218908
200484,49.2786949,-123.1291525
200486,49.2786949,-123.1291525
200487,49.2786949,-123.1291525
200490,49.2786949,-123.1291525
200537,49.2793755,-123.0784781
200570,49.2874624,-123.1170457
200572,49.2875812,-123.1171222
200574,49.2877332,-123.1182842
200576,49.2874847,-123.1190548
200581,49.27842,-123.12368
200582,49.27298,-123.1403
200604,49.28662,-123.11708
200683,49.2685324,-123.170534
200748,49.2644788,-123.1058086
200769,49.2767465,-123.1226687
200783,49.2247711,-123.1155089
200788,49.2799127,-123.1237312
200848,49.28001,-123.10176
200900,49.2812667,-123.125454
200929,49.2771537,-123.1259214
200937,49.2635449,-123.12633
200946,49.27826,-123.09742
200947,49.26583,-123.15353
200950,49.23814,-123.04882
200989,49.2847606,-123.11703
200999,49.2861136,-123.1256284
201000,49.2861136,-123.1256284
201005,49.2796129,-123.1007102
201010,49.2363119,-123.0443315
201017,49.2683,-123.09778
201067,49.28664,-123.12526
201069,49.28664,-123.12526
201129,49.28445,-123.06795
201177,49.2633568,-123.1119742
201194,49.2685819,-123.1701739
201235,49.23372,-123.03578
201236,49.23579,-123.0433
198324,49.2712849,-123.1365557
198585,49.2818183,-123.1077943
198611,49.2901191,-123.1277166
198612,49.2863849,-123.1148181
198657,49.2257194,-123.1156212
198658,49.2820917,-123.1059682
198712,49.268951,-123.1051996
198714,49.2858265,-123.1141039
198732,49.2632898,-123.1063969
198775,49.280749,-123.124846
198792,49.2322008,-123.1590309
198825,49.2812667,-123.125454
198826,49.28836,-123.12259
198946,49.2635486,-123.1100707
198984,49.2812457,-123.1013029
199080,49.28507,-123.11936
199103,49.2837419,-123.0921577
199113,49.2663687,-123.1394808
199116,49.2841993,-123.0989211
199189,49.2683707,-123.1520715
199237,49.2831693,-123.1125349
199248,49.2528492,-123.0677579
197360,49.2625983,-123.1536473
197368,49.2204304,-123.0664683
197369,49.2728379,-123.0763619
197383,49.2073849,-123.1446008
197433,49.2807,-123.0999824
197434,49.2807,-123.0999824
197442,49.2807,-123.0999824
197498,49.2853078,-123.1215908
197525,49.2671218,-123.1005926
197637,49.275595,-123.1211028
197646,49.27614,-123.07956
197686,49.2879658,-123.1281769
197706,49.2343781,-123.161083
197724,49.28278,-123.0653405
197727,49.28278,-123.0653405
197820,49.2639742,-123.2074662
197866,49.2823251,-123.0881292
197893,49.2819514,-123.1084131
197930,49.2650247,-123.1124489
199342,49.281237,-123.0854352
199409,49.2858265,-123.1141039
199522,49.28313,-123.107
199536,49.20681,-123.09291
199537,49.2485503,-123.0899266
199541,49.28278,-123.0653405
199559,49.26413,-123.15422
199560,49.26413,-123.15422
199561,49.26413,-123.15422
199563,49.26413,-123.15422
199600,49.2697444,-123.0443449
199659,49.2628426,-123.0964711
199676,49.2618847,-123.1390557
199725,49.20644,-123.09811
199735,49.2649,-123.10973
199740,49.2652665,-123.1025048
199952,49.2497774,-123.0749222
199987,49.264502,-123.1102493
199992,49.208899,-123.0844369
199993,49.2343379,-123.1600653
200053,49.2631903,-123.1203376
200106,49.20769,-123.12188
200138,49.27431,-123.12312
196514,49.2532102,-123.1007901
196766,49.268271,-123.0998315
196931,49.2803589,-123.1227818
196937,49.2813007,-123.0557762
196950,49.27206,-123.07638
197012,49.28518,-123.11515
197077,49.2771721,-123.0806536
197111,49.2784431,-123.0758018
197112,49.2685097,-123.0438957
197124,49.2862262,-123.1186237
197282,49.28278,-123.0653405
201430,49.28004,-123.12491
201431,49.28004,-123.12491
201501,49.2635554,-123.1460615
201539,49.2836466,-123.0997766
201540,49.2835326670314,-123.099613037763
201584,49.2049498,-123.1420111
201587,49.2843723,-123.1158967
201610,49.2748451,-123.1211465
201611,49.2053839,-123.1451446
201663,49.2631262,-123.116649
201675,49.2841444,-123.1199049
201677,49.2841444,-123.1199049
196284,49.2852619,-123.1164446
196294,49.263009,-123.121186
196403,49.2648974562089,-123.027052903113
195607,49.2766837,-123.1264908
