id,rent
202351,"$11,466/mo"
203136,"$4,775/mo"
195978,Contact
198302,"$11,802/mo"
203134,"$10,206/mo"
178107,"$11,919/mo"
178106,"$11,270/mo"
178111,"$11,494/mo"
197509,"$8,266/mo"
178100,"$8,913/mo"
178103,"$15,510/mo"
200093,Contact
199494,"$1,200/mo"
199893,"$14,020/mo"
200298,"$3,947/mo"
203295,
178604,"$17,862/mo"
203594,Contact
87988,Contact
183476,Contact
198805,Contact
183707,"$1,628/mo"
199701,"$10,342-24,133/mo"
192378,"$14,784/mo"
201064,"$15,516/mo"
175119,
177618,
177620,
175112,
175116,
175541,
175542,
177840,Contact
177841,
200660,Contact
200173,Contact
174205,"$2,878/mo"
175110,
175122,
175537,
175539,
191945,Contact
202854,"$7,420/mo"
96657,Contact
83374,Contact
96658,Contact
192825,"$4,109/mo"
175103,
175107,
175538,
175540,
200203,Contact
188257,Contact
177615,
177616,
177617,
177619,
186337,"$5,245/mo"
198300,"$29,307/mo"
92807,
175543,
177621,
177860,Contact
194440,"$6,480/mo"
199697,"$3,292/mo"
202423,"$5,100/mo"
201112,Contact
197262,Contact
202414,"$3,785-11,870/mo"
80377,Contact
89053,Contact
92803,
80137,"$24,131/mo"
187531,"$3,641/mo"
183833,"$2,399/mo"
194788,"$3,876/mo"
194849,
196217,"$1,541/mo"
197501,
198272,"$8,085-11,870/mo"
201621,"$7,736/mo"
200067,"$3,841/mo"
175228,
177857,
77502,"$2,421/mo"
197106,"$9,593/mo"
197207,"$10,179/mo"
186694,Contact
92804,
202472,Contact
78215,"$3,943/mo"
78217,"$3,206/mo"
177521,
194850,
194851,
194852,
201036,"$5,500/mo"
202156,"$4,643/mo"
194848,
197499,
202168,"$1,868/mo"
177523,
197499,
197500,$490/mo
95444,Contact
185105,
186679,
177859,
177862,
96164,
190342,
177858,
177861,
197208,"$5,325/mo"
88442,"$4,999/mo"
188756,"$18,500/mo"
197503,$590/mo
195464,Contact
193476,"$20,656/mo"
193477,"$8,890/mo"
198663,"$8,032/mo"
94171,
90363,Contact
193478,"$9,026/mo"
177519,
177520,
177524,
177667,
177669,
197502,
177518,
177522,
177781,Contact
188345,"$35,112/mo"
202171,"$3,365/mo"
199613,"$6,350/mo"
199669,
79755,Contact
194846,Contact
200825,"$10,951/mo"
201671,"$3,567/mo"
200284,
177664,
188346,"$7,352/mo"
188511,"$1,958/mo"
200691,"$1,437/mo"
200692,"$10,251/mo"
202255,"$6,485/mo"
190881,"$1,829/mo"
190210,"$6,150/mo"
196095,Contact
193210,"$1,922/mo"
177665,
177666,
177668,
177670,
202134,"$3,260/mo"
202421,"$4,305/mo"
200107,"$9,820/mo"
194659,"$4,995/mo"
199348,
186543,"$19,941-42,198/mo"
186544,"$22,256-42,198/mo"
196772,"$17,051/mo"
199052,"$7,034/mo"
191426,"$42,198/mo"
177993,Contact
201020,"$8,014/mo"
177639,
177641,
188336,"$10,526/mo"
201425,"$3,199/mo"
185453,Contact
188505,Contact
89527,Contact
184691,"$1,228/mo"
188410,"$10,118/mo"
190211,"$4,695/mo"
203546,
198956,
177638,
177642,
188498,"$4,611/mo"
89495,Contact
199488,"$1,013/mo"
199120,"$4,146/mo"
202124,"$10,310/mo"
202160,"$4,848/mo"
186430,Contact
186749,"$4,642/mo"
199059,$991/mo
177636,
177637,
177640,
203564,Contact
177660,
177662,
186680,"$2,600/mo"
194714,Contact
85334,Contact
199881,"$9,588/mo"
78119,"$2,030/mo"
81455,"$3,616/mo"
86769,"$2,055/mo"
189189,"$4,485/mo"
196444,"$1,360/mo"
196775,"$1,744/mo"
188545,"$2,457/mo"
187363,"$3,418/mo"
189120,
193823,"$4,943/mo"
196400,Contact
185451,
185452,
177657,
177661,
177663,
80441,Contact
177658,
177659,
177866,Contact
193716,"$7,500/mo"
201709,Contact
184962,Contact
186429,
202868,
203133,
177412,
177414,
177432,
177434,
200686,"$5,226/mo"
192999,Contact
198125,"$5,280/mo"
177868,
201398,Contact
88762,Contact
89496,Contact
177409,
177413,
177430,
177410,
177411,
177415,
177429,
177431,
177433,
177435,
202926,
198180,
177867,
188913,"$1,075/mo"
177549,
177551,
200342,"$3,280/mo"
202487,Contact
199509,Contact
177547,
177548,
177550,
177552,
86429,Contact
177546,
88512,"$3,174/mo"
203335,Contact
201044,Contact
190438,Contact
197441,Contact
201688,Contact
200850,"$11,058/mo"
188269,
186651,"$9,099/mo"
188562,"$28,052/mo"
202526,"$10,192/mo"
202528,"$11,117/mo"
202530,"$29,157/mo"
188563,"$32,908/mo"
191265,"$15,813/mo"
200570,"$5,357/mo"
194032,"$18,737/mo"
202525,"$3,892/mo"
187742,
79215,"$2,078/mo"
201266,"$8,186/mo"
87979,"$1,445/mo"
195134,"$10,027/mo"
200575,"$27,400/mo"
202523,"$17,938/mo"
189498,"$93,043/mo"
196931,
197433,"$3,375/mo"
200576,"$10,269/mo"
191779,Contact
201263,"$1,738/mo"
199029,"$1,395/mo"
189336,"$7,160/mo"
191777,Contact
197442,"$1,244/mo"
199005,
186836,
197434,"$4,275/mo"
200053,"$2,055/mo"
87819,"$2,565/mo"
183762,"$2,022/mo"
184878,Contact
200344,"$3,946/mo"
200572,"$18,361/mo"
200574,"$4,442/mo"
183019,Contact
191775,Contact
72280,Contact
191773,Contact
202233,Contact
186312,Contact
202237,
202259,"$1,725/mo"
201663,
201675,Contact
201677,Contact
202246,
199740,Contact
203035,"$21,306/mo"
193745,"$5,630/mo"
200577,"$18,611/mo"
200189,Contact
103592,Contact
191133,
189572,"$1,889/mo"
182829,"$2,408/mo"
183123,Contact
188939,"$4,991/mo"
196090,
203028,"$5,114/mo"
190322,"$5,313-20,571/mo"
191132,
178493,"$5,550/mo"
202145,
202852,
201587,Contact
202964,"$10,925/mo"
175992,"$15,276/mo"
191778,Contact
190122,"$2,864/mo"
195138,"$8,700/mo"
191101,
196464,"$4,110/mo"
181042,Contact
198826,
199735,
201610,Contact
176875,Contact
185218,"$1,917-7,907/mo"
187483,Contact
196187,
202248,
197740,Contact
203190,
179373,"$8,777-39,945/mo"
199116,
200900,
183433,"$4,248-9,376/mo"
183435,"$4,248-9,376/mo"
190219,"$8,892/mo"
201278,"$1,099-4,160/mo"
199261,"$3,187/mo"
202882,"$86,081/mo"
186044,"$3,129/mo"
193419,"$1,600/mo"
186118,
190174,
200995,"$15,748/mo"
195184,
196284,Contact
198658,Contact
200748,
200999,"$8,856/mo"
201000,"$4,601/mo"
176809,Contact
189010,Contact
200346,Contact
199660,
197421,$780/mo
202967,"$13,225/mo"
76732,Contact
186835,
183369,
194314,
203189,
199659,
199952,"$3,545/mo"
179899,"$25,839/mo"
183432,Contact
186287,"$7,301/mo"
187608,Contact
189608,Contact
193484,Contact
193522,Contact
193932,"$2,201/mo"
195403,
195465,"$2,279/mo"
196427,"$9,904/mo"
202155,"$1,917/mo"
202159,"$2,521/mo"
202799,Contact
190525,"$14,419/mo"
183434,Contact
195812,Contact
197368,"$1,399/mo"
202764,$360/mo
202494,Contact
189777,"$3,241/mo"
189779,"$3,688/mo"
189780,"$4,347/mo"
189782,"$6,402/mo"
200529,Contact
198318,"$17,823/mo"
189778,"$3,549/mo"
180852,"$11,288/mo"
198585,"$19,250/mo"
201067,Contact
201069,Contact
176798,
179466,"$13,917/mo"
179585,Contact
194517,"$12,812/mo"
200480,Contact
202234,Contact
202308,Contact
198220,
86892,"$3,473/mo"
88952,"$7,279-12,382/mo"
189231,Contact
193947,Contact
198712,"$11,676/mo"
201430,Contact
201431,Contact
202408,"$3,300/mo"
200477,Contact
179885,Contact
193966,Contact
194062,"$13,444/mo"
195549,"$12,411/mo"
200208,"$4,036-8,225/mo"
196297,"$2,542/mo"
196299,"$3,014/mo"
198778,
199035,"$5,678/mo"
202299,"$5,776/mo"
203592,Contact
93053,Contact
190886,"$11,666-30,178/mo"
188267,"$2,944/mo"
194730,
189316,
196294,"$2,762/mo"
195547,"$11,158/mo"
195548,"$12,327/mo"
199103,
192556,"$3,062-3,405/mo"
197360,Contact
200848,"$5,988/mo"
199103,
197360,Contact
197369,"$22,500/mo"
196294,"$2,762/mo"
185254,"$3,723-3,746/mo"
180033,"$34,701/mo"
193428,"$14,358/mo"
198887,Contact
201175,$300/mo
200244,Contact
202406,"$1,827/mo"
202874,
195881,Contact
196093,Contact
94209,"$1,744/mo"
187606,Contact
194305,Contact
195056,Contact
196053,Contact
200485,Contact
200489,Contact
200688,Contact
200689,Contact
200690,Contact
201016,Contact
199502,
197125,Contact
198650,"$1,891-4,086/mo"
202875,
190908,Contact
185484,Contact
193496,Contact
197124,Contact
192923,Contact
197646,"$6,610/mo"
179879,Contact
181694,Contact
200484,Contact
200486,Contact
200487,Contact
200490,Contact
200582,Contact
200937,Contact
203590,Contact
178600,"$11,337-64,532/mo"
190888,"$17,173/mo"
199341,
198468,"$15,382/mo"
201384,"$13,414/mo"
201718,"$6,243/mo"
198984,"$2,200/mo"
191353,Contact
179453,"$7,386-14,152/mo"
200788,Contact
179032,Contact
179046,Contact
179082,Contact
179094,Contact
179139,Contact
179139,Contact
180709,"$3,101/mo"
180714,"$3,183/mo"
180839,Contact
180853,"$24,190/mo"
188757,"$3,792/mo"
191257,"$9,111/mo"
192213,"$4,298/mo"
192214,"$2,601/mo"
192215,"$2,542/mo"
192216,"$1,530/mo"
194671,
198233,"$22,279/mo"
192237,"$4,903/mo"
192792,"$3,340/mo"
190957,
198499,"$5,032/mo"
198501,"$5,231/mo"
201281,
199340,
203124,Contact
85630,"$12,781/mo"
96662,"$5,125-29,041/mo"
193492,"$9,522/mo"
179066,Contact
179076,"$6,836-14,300/mo"
192202,"$11,360/mo"
192217,"$2,408-9,743/mo"
192218,"$2,157/mo"
183438,Contact
184809,"$2,053-9,743/mo"
182211,Contact
180702,"$6,844/mo"
180703,"$2,288/mo"
180708,"$7,431/mo"
180713,"$2,100-9,743/mo"
180715,"$3,180-9,743/mo"
180824,Contact
203983,Contact
199080,Contact
199342,
183316,Contact
194554,Contact
194649,
196112,Contact
196116,Contact
196118,Contact
192793,"$2,932/mo"
197098,Contact
198506,"$15,147/mo"
198600,"$16,000/mo"
199925,"$1,237/mo"
199926,"$1,250/mo"
200209,"$7,524/mo"
200240,"$11,652/mo"
84671,Contact
192461,
188617,"$5,194/mo"
186779,"$5,896/mo"
202377,
202419,"$2,848,125/mo"
202462,"$3,000/mo"
179186,"$3,755/mo"
196110,Contact
196117,Contact
196119,Contact
196123,Contact
200604,Contact
196403,Contact
176504,
178422,
181525,Contact
189103,Contact
197110,"$12,500/mo"
190889,"$25,979/mo"
191025,
199557,Contact
199567,Contact
201722,Contact
190887,"$9,250-27,750/mo"
196089,
187481,"$14,850/mo"
191747,
193538,"$11,000/mo"
198472,Contact
199190,Contact
199284,Contact
199410,Contact
201681,"$5,096/mo"
202870,"$2,369/mo"
189349,Contact
191258,"$12,954-45,364/mo"
195993,Contact
196016,Contact
198792,
199522,
178934,"$2,715/mo"
179125,"$4,717/mo"
185520,
187524,
188768,
192821,Contact
200363,Contact
200366,Contact
200368,Contact
200370,Contact
200371,Contact
200373,Contact
200377,Contact
197012,"$6,340/mo"
196039,
199237,"$1,975/mo"
197498,Contact
202684,$792/mo
203213,"$8,963/mo"
203283,"$13,960/mo"
202007,"$3,500/mo"
200365,Contact
200367,Contact
200369,Contact
200376,Contact
200378,Contact
202684,$792/mo
203213,"$8,963/mo"
203283,"$13,960/mo"
90205,"$42,115/mo"
108581,"$6,037/mo"
178884,
192077,"$22,481/mo"
198736,
199260,
199286,"$5,440/mo"
200970,Contact
200099,
202130,Contact
201005,
199993,"$7,233/mo"
200106,"$45,147/mo"
185519,
194915,"$9,309/mo"
196109,Contact
196120,Contact
197102,Contact
198500,"$4,026/mo"
201295,"$2,200/mo"
201299,Contact
202409,"$20,147/mo"
190781,Contact
187610,Contact
188340,Contact
194913,"$10,491/mo"
196107,Contact
196108,Contact
196113,Contact
196114,Contact
196115,Contact
196121,Contact
196122,Contact
196124,Contact
199113,Contact
199113,Contact
181524,Contact
193357,"$18,951-41,578/mo"
198813,Contact
201234,Contact
199420,Contact
199562,Contact
202871,"$2,192/mo"
190993,
191028,
194015,Contact
178765,Contact
191746,
202531,"$1,988/mo"
199559,Contact
199561,Contact
199563,Contact
199676,"$1,600/mo"
192139,
194159,
190349,Contact
194159,
200452,Contact
200627,
201298,"$1,784-18,082/mo"
202261,"$2,000/mo"
96126,Contact
96161,Contact
185206,
188624,"$5,742/mo"
188809,"$1,417-10,125/mo"
194157,
199248,"$11,999/mo"
197893,"$11,750/mo"
201611,"$4,000/mo"
200581,
183614,Contact
189346,Contact
194518,"$5,942/mo"
193085,"$11,741-76,079/mo"
196341,"$7,517/mo"
190386,"$10,500/mo"
194518,"$5,942/mo"
201609,Contact
202864,Contact
178702,"$5,598/mo"
179548,"$12,798/mo"
200364,Contact
198611,"$390,000/mo"
196557,Contact
200771,
204031,"$3,444-7,000/mo"
202766,"$5,000/mo"
179448,"$5,578-11,158/mo"
200537,"$12,476/mo"
201235,
201236,
198825,
197637,
197111,"$10,643/mo"
179527,"$5,819/mo"
186778,"$3,365-8,096/mo"
182885,"$10,765/mo"
190223,"$10,441/mo"
194877,"$1,447/mo"
197957,$599/mo
201063,
201212,"$7,070/mo"
199821,"$2,179/mo"
79068,"$17,504/mo"
84370,"$18,451/mo"
190220,"$6,881/mo"
180287,
194897,"$40,000/mo"
193413,
194158,
198324,"$2,500/mo"
198732,Contact
199189,
197706,Contact
180287,
189682,"$8,303/mo"
196032,"$4,959/mo"
196951,
200157,"$1,458/mo"
201693,
202710,"$5,959/mo"
88351,
199560,Contact
200989,"$10,416/mo"
184574,"$11,848/mo"
191259,"$8,328-22,420/mo"
192084,Contact
192086,Contact
192087,Contact
192477,"$5,477/mo"
198745,"$3,500/mo"
199196,"$3,373/mo"
199198,"$2,061/mo"
200782,
201102,Contact
189762,"$18,000/mo"
193080,"$2,964/mo"
192085,Contact
192088,Contact
192089,Contact
184903,Contact
202480,"$4,900/mo"
202791,Contact
200769,"$11,398/mo"
200783,
201017,Contact
197724,
197282,Contact
183202,Contact
186423,"$8,291/mo"
200535,"$12,026/mo"
200924,Contact
199346,
201339,"$6,363/mo"
203038,Contact
178946,"$2,400/mo"
193084,"$25,267/mo"
193101,"$5,057/mo"
202660,
198775,"$4,000/mo"
197525,"$4,134/mo"
199992,"$2,970/mo"
195643,"$5,256/mo"
198532,"$6,752/mo"
199250,"$5,000/mo"
201074,
202236,
190891,"$2,135/mo"
188000,
203018,Contact
200946,Contact
197866,
187341,
187343,
200299,"$7,042/mo"
201537,Contact
202707,Contact
77837,Contact
95875,Contact
192459,
188857,"$12,825/mo"
202372,"$3,200/mo"
202872,"$6,474/mo"
179987,
201177,"$1,450/mo"
197383,
197727,
199409,Contact
196766,"$4,200/mo"
197077,"$10,531/mo"
177184,Contact
197849,
200473,Contact
200655,Contact
197849,
203977,
199725,
202092,"$1,526/mo"
201194,"$3,975/mo"
193829,Contact
194273,Contact
191102,Contact
200466,"$2,024/mo"
194088,Contact
202146,Contact
189713,
201198,"$9,245/mo"
197080,"$10,738/mo"
201470,"$5,586/mo"
198260,Contact
189364,
197112,"$2,733/mo"
195483,
202919,
199600,"$3,340/mo"
202629,"$2,934/mo"
200947,
202919,
203351,"$941-4,708/mo"
180264,
199054,
189694,
196950,
195612,Contact
192798,Contact
197930,
186364,
197278,
200743,
189401,
197686,
200683,
198207,
193444,"$4,174/mo"
202793,"$4,792/mo"
193174,
199537,
201584,
200950,Contact
201010,"$2,999/mo"
200138,"$1,200/mo"
202659,Contact
203288,Contact
195607,"$8,250/mo"
195606,"$17,332/mo"
193426,Contact
197820,
201129,
193473,Contact
201008,"$11,604/mo"
199688,"$1,600/mo"
203363,
180244,Contact
200929,"$2,900/mo"
196513,Contact
196514,Contact
195447,Contact
196937,Contact
193184,
196794,Contact
201500,Contact
197419,
194872,Contact
198657,
198714,Contact
201501,Contact
194571,
196767,Contact
198870,Contact
199987,Contact
200908,Contact
200920,Contact
201539,"$3,188/mo"
201540,"$2,981/mo"
195122,Contact
201119,Contact
198612,Contact
198946,Contact
